Sample;Ch1;Ch2;Ch3;Ch4
0;-0.008134214207530022;0.06435395032167435;0.0020181634463369846;-0.01220752764493227
1;-0.008134214207530022;0.0683760717511177;0.006054490339010954;-0.010172939859330654
2;-0.004067107103765011;0.05429864302277565;0.008072653785347939;-0.006103763822466135
3;0.0;0.028154851868748665;0.0;0.006103763822466135
4;0.0061006611213088036;0.020110609009861946;0.008072653785347939;0.008138352073729038
5;0.004067107103765011;0.008044243790209293;0.004036326892673969;0.0020345880184322596
6;0.010167768225073814;0.008044243790209293;0.0;0.010172939859330654
7;0.0061006611213088036;0.006033182609826326;0.004036326892673969;0.0
8;0.004067107103765011;0.0;0.006054490339010954;0.0
9;0.004067107103765011;-0.0020110609475523233;0.0020181634463369846;0.006103763822466135
10;0.004067107103765011;0.0020110609475523233;-0.0020181634463369846;-0.0020345880184322596
11;0.0020335535518825054;-0.0020110609475523233;0.006054490339010954;0.0020345880184322596
12;0.0061006611213088036;-0.0020110609475523233;0.0020181634463369846;-0.004069176036864519
13;0.0061006611213088036;0.0;0.0020181634463369846;-0.0020345880184322596
14;0.004067107103765011;-0.0020110609475523233;0.004036326892673969;0.0020345880184322596
15;0.004067107103765011;0.0020110609475523233;0.0020181634463369846;0.0
16;0.004067107103765011;0.0;0.004036326892673969;0.0
17;-0.0020335535518825054;-0.0020110609475523233;0.0;0.0
18;0.0020335535518825054;-0.0020110609475523233;-0.004036326892673969;0.0020345880184322596
19;-0.0020335535518825054;-0.0020110609475523233;0.0;-0.0020345880184322596
20;0.0;0.004022121895104647;0.0020181634463369846;0.0020345880184322596
21;0.004067107103765011;-0.0020110609475523233;0.004036326892673969;0.0020345880184322596
22;0.004067107103765011;0.0;0.0;0.0020345880184322596
23;0.0061006611213088036;-0.006033182609826326;0.0;0.004069176036864519
24;-0.0020335535518825054;-0.0020110609475523233;0.0020181634463369846;0.0020345880184322596
25;0.0061006611213088036;-0.004022121895104647;0.0020181634463369846;0.0020345880184322596
26;0.0020335535518825054;0.0;-0.004036326892673969;-0.006103763822466135
27;0.0061006611213088036;-0.0020110609475523233;-0.0020181634463369846;0.0020345880184322596
28;0.0020335535518825054;0.0020110609475523233;0.0;0.004069176036864519
29;0.0020335535518825054;0.0;0.0;0.0020345880184322596
30;0.0020335535518825054;-0.0020110609475523233;0.0;0.0
31;0.004067107103765011;0.0;-0.0020181634463369846;0.004069176036864519
32;0.004067107103765011;-0.006033182609826326;-0.0020181634463369846;0.0
33;0.0;-0.004022121895104647;0.0020181634463369846;0.0020345880184322596
34;0.0020335535518825054;-0.004022121895104647;-0.004036326892673969;-0.0020345880184322596
35;0.0061006611213088036;0.0020110609475523233;0.0;-0.004069176036864519
36;0.0;0.0;-0.006054490339010954;-0.0020345880184322596
37;0.0020335535518825054;0.0;0.0;0.0
38;0.004067107103765011;0.0;-0.006054490339010954;-0.0020345880184322596
39;0.0020335535518825054;-0.004022121895104647;-0.0020181634463369846;0.0
40;0.0;0.0020110609475523233;0.0020181634463369846;0.0020345880184322596
41;-0.0020335535518825054;-0.0020110609475523233;-0.0020181634463369846;-0.0020345880184322596
42;0.0061006611213088036;-0.004022121895104647;0.0;-0.0020345880184322596
43;0.008134214207530022;-0.0020110609475523233;-0.004036326892673969;0.0020345880184322596
44;0.0020335535518825054;-0.004022121895104647;0.0;-0.004069176036864519
45;0.0061006611213088036;-0.004022121895104647;0.0;0.0
46;0.0020335535518825054;-0.004022121895104647;-0.0020181634463369846;0.0020345880184322596
47;0.0;-0.006033182609826326;0.0;-0.004069176036864519
48;0.0020335535518825054;-0.006033182609826326;0.0020181634463369846;-0.0020345880184322596
49;0.0061006611213088036;0.0;0.0;-0.0020345880184322596
50;0.004067107103765011;-0.0020110609475523233;-0.004036326892673969;-0.004069176036864519
51;0.0061006611213088036;0.0;0.0;0.008138352073729038
52;0.0;0.0;0.0;0.0
53;0.004067107103765011;-0.004022121895104647;0.006054490339010954;-0.004069176036864519
54;0.0020335535518825054;-0.0020110609475523233;0.0;0.006103763822466135
55;0.0;-0.0020110609475523233;0.0020181634463369846;0.0020345880184322596
56;0.0020335535518825054;0.0;0.0;0.0020345880184322596
57;0.0020335535518825054;-0.0020110609475523233;-0.0020181634463369846;0.0
58;0.0020335535518825054;0.0;0.004036326892673969;0.0020345880184322596
59;-0.0020335535518825054;-0.0020110609475523233;0.006054490339010954;-0.0020345880184322596
60;-0.0020335535518825054;-0.004022121895104647;0.0;0.0
61;0.0;-0.004022121895104647;-0.004036326892673969;0.0
62;0.0061006611213088036;0.004022121895104647;-0.0020181634463369846;-0.004069176036864519
63;0.004067107103765011;0.0;0.0;0.0020345880184322596
64;0.0020335535518825054;-0.0020110609475523233;0.0020181634463369846;-0.0020345880184322596
65;0.0;-0.0020110609475523233;-0.0020181634463369846;0.0
66;0.0020335535518825054;-0.004022121895104647;0.0020181634463369846;-0.004069176036864519
67;0.0;-0.0020110609475523233;-0.004036326892673969;0.004069176036864519
68;0.004067107103765011;-0.0020110609475523233;0.004036326892673969;0.0
69;0.0061006611213088036;0.0;-0.006054490339010954;-0.004069176036864519
70;0.004067107103765011;-0.004022121895104647;-0.004036326892673969;0.0020345880184322596
71;0.0;0.004022121895104647;0.006054490339010954;0.0
72;0.0;0.0020110609475523233;-0.0020181634463369846;-0.0020345880184322596
73;0.0020335535518825054;-0.004022121895104647;0.0;-0.0020345880184322596
74;0.004067107103765011;0.0;-0.0020181634463369846;-0.0020345880184322596
75;0.004067107103765011;0.0;0.0;0.004069176036864519
76;0.004067107103765011;0.0020110609475523233;-0.0020181634463369846;0.004069176036864519
77;0.0020335535518825054;-0.0020110609475523233;0.0020181634463369846;0.0020345880184322596
78;0.008134214207530022;-0.0020110609475523233;0.0;0.0
79;0.004067107103765011;-0.0020110609475523233;-0.004036326892673969;0.0020345880184322596
80;0.0;-0.010055304504930973;-0.004036326892673969;0.0020345880184322596
81;0.004067107103765011;-0.0020110609475523233;0.0020181634463369846;-0.0020345880184322596
82;0.0061006611213088036;0.0020110609475523233;-0.0020181634463369846;0.0
83;0.004067107103765011;-0.0020110609475523233;-0.0020181634463369846;-0.0020345880184322596
84;0.004067107103765011;-0.004022121895104647;-0.0020181634463369846;-0.004069176036864519
85;0.0;-0.004022121895104647;0.0020181634463369846;0.0
86;0.004067107103765011;0.0020110609475523233;-0.004036326892673969;0.0
87;0.0061006611213088036;-0.004022121895104647;0.0;0.0
88;0.0061006611213088036;-0.004022121895104647;-0.0020181634463369846;-0.0020345880184322596
89;0.0020335535518825054;0.0;0.0;-0.0020345880184322596
90;0.0020335535518825054;-0.004022121895104647;0.004036326892673969;-0.004069176036864519
91;0.004067107103765011;-0.0020110609475523233;0.0;-0.0020345880184322596
92;0.004067107103765011;0.0;0.0;0.0
93;0.0061006611213088036;-0.004022121895104647;0.0;-0.0020345880184322596
94;0.0061006611213088036;0.0020110609475523233;0.0020181634463369846;0.0020345880184322596
95;0.004067107103765011;0.0;0.004036326892673969;0.0020345880184322596
96;0.0020335535518825054;0.0;-0.006054490339010954;-0.0020345880184322596
97;0.0020335535518825054;-0.008044243790209293;0.0;-0.004069176036864519
98;0.004067107103765011;-0.010055304504930973;0.0020181634463369846;0.004069176036864519
99;0.0020335535518825054;0.0020110609475523233;0.0020181634463369846;0.0020345880184322596
100;0.0;0.0;-0.0020181634463369846;0.004069176036864519
101;0.0;0.0;-0.006054490339010954;-0.0020345880184322596
102;-0.0061006611213088036;-0.0020110609475523233;0.0020181634463369846;0.0
103;0.004067107103765011;-0.0020110609475523233;-0.004036326892673969;0.0
104;0.0;-0.0020110609475523233;0.0;0.004069176036864519
105;0.0020335535518825054;0.0;-0.0020181634463369846;0.006103763822466135
106;0.0020335535518825054;-0.0020110609475523233;-0.0020181634463369846;0.0020345880184322596
107;0.0020335535518825054;0.0020110609475523233;-0.0020181634463369846;0.0
108;0.0;-0.0020110609475523233;-0.0020181634463369846;-0.0020345880184322596
109;0.004067107103765011;0.0020110609475523233;0.0020181634463369846;0.0020345880184322596
110;0.004067107103765011;-0.004022121895104647;0.0;-0.0020345880184322596
111;0.0061006611213088036;-0.0020110609475523233;-0.0020181634463369846;0.0
112;0.0;0.0;-0.0020181634463369846;0.008138352073729038
113;0.0061006611213088036;-0.0020110609475523233;-0.0020181634463369846;0.0
114;0.004067107103765011;-0.0020110609475523233;0.0;-0.0020345880184322596
115;0.008134214207530022;-0.0020110609475523233;0.0;0.0
116;0.0020335535518825054;-0.004022121895104647;0.0020181634463369846;-0.0020345880184322596
117;0.0;0.0020110609475523233;-0.004036326892673969;0.004069176036864519
118;0.004067107103765011;-0.006033182609826326;-0.0020181634463369846;0.004069176036864519
119;0.010167768225073814;-0.0020110609475523233;0.0;-0.004069176036864519
120;0.008134214207530022;0.0020110609475523233;-0.0020181634463369846;0.0
121;0.0;-0.004022121895104647;0.006054490339010954;0.004069176036864519
122;0.0061006611213088036;-0.0020110609475523233;0.0;-0.0020345880184322596
123;0.0020335535518825054;0.0;-0.0020181634463369846;0.0
124;0.0020335535518825054;-0.0020110609475523233;0.0;0.0020345880184322596
125;0.008134214207530022;0.0;0.0;0.0020345880184322596
126;0.0061006611213088036;0.0;-0.0020181634463369846;0.0020345880184322596
127;-0.0020335535518825054;0.0;0.0;-0.0020345880184322596
128;0.004067107103765011;-0.004022121895104647;0.0020181634463369846;-0.0020345880184322596
129;0.0061006611213088036;-0.004022121895104647;0.0;0.0
130;0.0;-0.004022121895104647;0.0020181634463369846;-0.004069176036864519
131;0.0061006611213088036;0.0;0.004036326892673969;-0.0020345880184322596
132;0.0;0.0;0.0;0.004069176036864519
133;0.0061006611213088036;-0.0020110609475523233;0.004036326892673969;0.0020345880184322596
134;0.0061006611213088036;0.004022121895104647;-0.0020181634463369846;0.0
135;0.008134214207530022;0.0020110609475523233;0.0;0.0
136;0.0020335535518825054;-0.0020110609475523233;-0.004036326892673969;0.006103763822466135
137;0.0020335535518825054;0.0;0.0;0.0
138;-0.0020335535518825054;-0.004022121895104647;-0.006054490339010954;-0.006103763822466135
139;0.0061006611213088036;0.0020110609475523233;0.006054490339010954;0.0020345880184322596
140;0.008134214207530022;0.006033182609826326;-0.0020181634463369846;0.0020345880184322596
141;0.0020335535518825054;0.0020110609475523233;-0.0020181634463369846;-0.0020345880184322596
142;0.0020335535518825054;0.0;0.0;0.004069176036864519
143;0.0061006611213088036;-0.004022121895104647;0.0;-0.0020345880184322596
144;0.0020335535518825054;0.0;0.004036326892673969;0.0
145;-0.0020335535518825054;0.0;-0.0020181634463369846;0.0020345880184322596
146;0.0061006611213088036;-0.0020110609475523233;-0.0020181634463369846;0.0
147;-0.0020335535518825054;0.0;-0.004036326892673969;0.004069176036864519
148;0.0061006611213088036;0.0020110609475523233;-0.0020181634463369846;-0.0020345880184322596
149;0.0061006611213088036;0.0020110609475523233;-0.0020181634463369846;-0.0020345880184322596
150;0.0;-0.006033182609826326;0.0020181634463369846;0.0020345880184322596
151;0.0020335535518825054;-0.008044243790209293;-0.004036326892673969;-0.0020345880184322596
152;0.0;0.0;0.0;0.004069176036864519
153;0.004067107103765011;0.0020110609475523233;-0.0020181634463369846;0.0
154;-0.0020335535518825054;-0.004022121895104647;0.0020181634463369846;0.0
155;0.0061006611213088036;0.0020110609475523233;0.0020181634463369846;0.004069176036864519
156;0.0020335535518825054;-0.006033182609826326;0.0;0.0
157;0.004067107103765011;-0.0020110609475523233;-0.0020181634463369846;0.0020345880184322596
158;0.004067107103765011;0.0020110609475523233;-0.004036326892673969;-0.0020345880184322596
159;0.0;-0.004022121895104647;-0.0020181634463369846;0.0
160;0.010167768225073814;-0.004022121895104647;0.0;0.004069176036864519
161;0.0020335535518825054;-0.0020110609475523233;0.0020181634463369846;0.0
162;0.004067107103765011;0.0;0.0020181634463369846;0.0
163;0.0061006611213088036;0.0020110609475523233;0.004036326892673969;0.0020345880184322596
164;0.008134214207530022;-0.006033182609826326;0.004036326892673969;0.0
165;0.0;-0.004022121895104647;0.006054490339010954;-0.0020345880184322596
166;0.0061006611213088036;0.004022121895104647;-0.0020181634463369846;0.0
167;0.0;-0.0020110609475523233;0.0020181634463369846;0.004069176036864519
168;0.0061006611213088036;-0.0020110609475523233;0.0020181634463369846;0.0020345880184322596
169;0.0061006611213088036;0.0020110609475523233;-0.0020181634463369846;0.0
170;0.0061006611213088036;0.0;0.0;0.004069176036864519
171;0.0;-0.004022121895104647;0.0;0.006103763822466135
172;0.004067107103765011;0.0;-0.0020181634463369846;-0.004069176036864519
173;0.004067107103765011;0.0;-0.0020181634463369846;0.0
174;0.008134214207530022;-0.004022121895104647;0.0020181634463369846;-0.0020345880184322596
175;0.0061006611213088036;-0.008044243790209293;0.0;0.0020345880184322596
176;0.0;0.0;-0.0020181634463369846;0.004069176036864519
177;0.0020335535518825054;0.0020110609475523233;0.0020181634463369846;0.004069176036864519
178;0.0;0.0;0.0;0.0
179;0.0020335535518825054;0.0;-0.0020181634463369846;0.0020345880184322596
180;0.0020335535518825054;-0.004022121895104647;0.0;-0.004069176036864519
181;0.008134214207530022;0.0;-0.006054490339010954;0.0
182;0.004067107103765011;0.0;0.0;0.0020345880184322596
183;0.0;0.0020110609475523233;-0.0020181634463369846;0.0
184;0.004067107103765011;0.004022121895104647;0.006054490339010954;0.0
185;0.008134214207530022;0.004022121895104647;-0.0020181634463369846;0.0020345880184322596
186;0.004067107103765011;0.0;0.0;0.0
187;0.0020335535518825054;0.0020110609475523233;0.0020181634463369846;0.0020345880184322596
188;0.004067107103765011;0.0020110609475523233;0.0;0.0
189;0.0;0.0020110609475523233;-0.004036326892673969;-0.0020345880184322596
190;0.004067107103765011;-0.0020110609475523233;0.0;0.0
191;-0.0020335535518825054;-0.006033182609826326;-0.0020181634463369846;0.004069176036864519
192;0.0020335535518825054;-0.004022121895104647;0.0;-0.0020345880184322596
193;0.0;0.0020110609475523233;0.0020181634463369846;0.0
194;0.004067107103765011;-0.0020110609475523233;-0.0020181634463369846;-0.0020345880184322596
195;0.0020335535518825054;0.0020110609475523233;0.0020181634463369846;0.0
196;0.0;0.0020110609475523233;0.0020181634463369846;0.0020345880184322596
197;0.004067107103765011;-0.0020110609475523233;0.0;0.0020345880184322596
198;-0.0020335535518825054;0.0020110609475523233;-0.004036326892673969;-0.008138352073729038
199;0.0020335535518825054;0.0;-0.0020181634463369846;-0.006103763822466135
200;-0.0020335535518825054;-0.0020110609475523233;-0.0020181634463369846;0.0
201;0.004067107103765011;0.0;0.0;0.008138352073729038
202;0.0020335535518825054;0.0;0.0;0.0020345880184322596
203;0.0061006611213088036;-0.004022121895104647;-0.004036326892673969;0.006103763822466135
204;0.0020335535518825054;-0.0020110609475523233;0.0;0.0020345880184322596
205;0.004067107103765011;0.0;0.0020181634463369846;-0.0020345880184322596
206;0.0020335535518825054;-0.0020110609475523233;-0.0020181634463369846;0.0
207;0.0020335535518825054;0.0020110609475523233;0.0020181634463369846;0.0
208;0.004067107103765011;-0.006033182609826326;-0.0020181634463369846;0.0020345880184322596
209;-0.0061006611213088036;-0.0020110609475523233;0.0020181634463369846;0.0020345880184322596
210;0.0020335535518825054;0.0;0.0;0.0
211;0.0020335535518825054;0.0;0.0020181634463369846;0.0
212;0.0020335535518825054;-0.004022121895104647;-0.004036326892673969;-0.004069176036864519
213;0.004067107103765011;0.0;0.0020181634463369846;0.0
214;0.0020335535518825054;0.0;0.0020181634463369846;-0.0020345880184322596
215;0.0020335535518825054;-0.004022121895104647;-0.0020181634463369846;0.0
216;0.004067107103765011;0.006033182609826326;0.0020181634463369846;-0.008138352073729038
217;0.008134214207530022;0.0;0.004036326892673969;0.0
218;0.0061006611213088036;-0.0020110609475523233;0.0020181634463369846;0.0020345880184322596
219;0.008134214207530022;-0.004022121895104647;0.0;0.0020345880184322596
220;0.0020335535518825054;0.0020110609475523233;0.0020181634463369846;-0.0020345880184322596
221;0.0061006611213088036;-0.0020110609475523233;0.0020181634463369846;0.0
222;0.0020335535518825054;-0.006033182609826326;-0.0020181634463369846;-0.0020345880184322596
223;0.0061006611213088036;0.004022121895104647;0.0020181634463369846;-0.0020345880184322596
224;0.0061006611213088036;0.004022121895104647;0.0;-0.0020345880184322596
225;0.004067107103765011;-0.0020110609475523233;0.0020181634463369846;0.0
226;0.004067107103765011;-0.0020110609475523233;-0.004036326892673969;-0.004069176036864519
227;0.0020335535518825054;-0.0020110609475523233;-0.0020181634463369846;0.004069176036864519
228;0.004067107103765011;-0.004022121895104647;0.0020181634463369846;-0.004069176036864519
229;-0.0020335535518825054;0.0;0.004036326892673969;0.0020345880184322596
230;0.0020335535518825054;-0.0020110609475523233;0.0;-0.0020345880184322596
231;0.0;-0.004022121895104647;-0.0020181634463369846;0.0
232;0.0061006611213088036;0.0;0.006054490339010954;0.0020345880184322596
233;-0.0020335535518825054;-0.004022121895104647;0.0;0.0
234;0.0;0.004022121895104647;-0.0020181634463369846;0.004069176036864519
235;0.0061006611213088036;-0.0020110609475523233;0.0020181634463369846;0.0020345880184322596
236;0.004067107103765011;-0.0020110609475523233;0.0020181634463369846;0.0020345880184322596
237;0.004067107103765011;0.0;0.004036326892673969;0.0
238;0.004067107103765011;-0.0020110609475523233;-0.0020181634463369846;0.0
239;0.004067107103765011;-0.004022121895104647;-0.0020181634463369846;0.0
240;0.0061006611213088036;-0.0020110609475523233;-0.0020181634463369846;0.008138352073729038
241;0.0;-0.0020110609475523233;0.0020181634463369846;-0.0020345880184322596
242;0.0;-0.006033182609826326;0.0;-0.0020345880184322596
243;-0.0020335535518825054;0.0;0.004036326892673969;0.0
244;0.0061006611213088036;0.0;0.0;-0.0020345880184322596
245;0.0020335535518825054;-0.0020110609475523233;-0.0020181634463369846;0.0020345880184322596
246;0.0020335535518825054;-0.0020110609475523233;0.0020181634463369846;0.006103763822466135
247;0.004067107103765011;0.0;0.0020181634463369846;0.0020345880184322596
248;0.0020335535518825054;-0.004022121895104647;0.0;0.0
249;0.0020335535518825054;-0.0020110609475523233;-0.004036326892673969;0.0
250;0.004067107103765011;-0.0020110609475523233;0.0;0.0
251;0.0061006611213088036;0.0020110609475523233;0.0;-0.0020345880184322596
252;0.0;0.0020110609475523233;0.0020181634463369846;0.0020345880184322596
253;0.0020335535518825054;0.0020110609475523233;0.0;0.0
254;-0.0020335535518825054;0.0020110609475523233;0.0020181634463369846;0.0
255;0.004067107103765011;0.0;0.0;-0.0020345880184322596
256;0.0;-0.0020110609475523233;0.0020181634463369846;0.004069176036864519
257;0.0;-0.006033182609826326;-0.004036326892673969;0.004069176036864519
258;0.0061006611213088036;0.0020110609475523233;-0.0020181634463369846;-0.0020345880184322596
259;0.0020335535518825054;-0.004022121895104647;0.006054490339010954;0.0020345880184322596
260;0.0;-0.0020110609475523233;-0.004036326892673969;-0.004069176036864519
261;0.0061006611213088036;-0.0020110609475523233;0.0020181634463369846;0.0020345880184322596
262;0.0;0.0020110609475523233;0.0;0.0
263;0.004067107103765011;0.0020110609475523233;-0.0020181634463369846;0.0
264;0.0;-0.0020110609475523233;-0.0020181634463369846;0.0020345880184322596
265;-0.0020335535518825054;-0.004022121895104647;-0.0020181634463369846;-0.004069176036864519
266;0.004067107103765011;0.0;-0.0020181634463369846;0.0
267;0.004067107103765011;0.0;-0.0020181634463369846;0.004069176036864519
268;0.0020335535518825054;0.0;-0.004036326892673969;0.0020345880184322596
269;0.0020335535518825054;0.004022121895104647;0.0020181634463369846;-0.004069176036864519
270;0.0020335535518825054;0.0020110609475523233;0.0020181634463369846;-0.0020345880184322596
271;0.008134214207530022;0.0;0.0;0.0020345880184322596
272;0.0061006611213088036;-0.0020110609475523233;-0.004036326892673969;0.0
273;0.0061006611213088036;-0.0020110609475523233;-0.0020181634463369846;0.004069176036864519
274;0.0020335535518825054;-0.0020110609475523233;0.0;0.010172939859330654
275;-0.0020335535518825054;0.0020110609475523233;-0.006054490339010954;-0.0020345880184322596
276;0.0020335535518825054;-0.0020110609475523233;0.0020181634463369846;0.0
277;0.0020335535518825054;0.0;0.0;0.0
278;0.008134214207530022;-0.0020110609475523233;0.0020181634463369846;0.0020345880184322596
279;0.0061006611213088036;0.0020110609475523233;-0.0020181634463369846;0.004069176036864519
280;0.004067107103765011;-0.0020110609475523233;0.0020181634463369846;0.004069176036864519
281;0.0020335535518825054;-0.0020110609475523233;0.0020181634463369846;-0.0020345880184322596
282;0.0020335535518825054;0.008044243790209293;0.004036326892673969;0.0020345880184322596
283;0.0020335535518825054;-0.004022121895104647;0.0020181634463369846;0.0
284;0.0020335535518825054;0.0;0.0;0.0
285;0.0;-0.006033182609826326;0.004036326892673969;-0.006103763822466135
286;0.0061006611213088036;0.0;-0.0020181634463369846;-0.004069176036864519
287;-0.0020335535518825054;-0.0020110609475523233;-0.0020181634463369846;-0.004069176036864519
288;0.0020335535518825054;-0.006033182609826326;0.0;-0.004069176036864519
289;0.004067107103765011;0.0;0.0020181634463369846;-0.004069176036864519
290;0.0061006611213088036;0.0;0.0;0.006103763822466135
291;0.0;-0.0020110609475523233;0.006054490339010954;0.006103763822466135
292;0.0020335535518825054;0.0;0.0020181634463369846;0.0020345880184322596
293;0.0;0.0;0.0020181634463369846;0.0020345880184322596
294;0.0;0.0;-0.0020181634463369846;-0.0020345880184322596
295;0.004067107103765011;-0.0020110609475523233;-0.0020181634463369846;-0.0020345880184322596
296;0.0;-0.006033182609826326;0.0;0.006103763822466135
297;0.0;-0.004022121895104647;0.0020181634463369846;-0.0020345880184322596
298;0.0;-0.0020110609475523233;0.004036326892673969;-0.006103763822466135
299;-0.004067107103765011;0.0;-0.0020181634463369846;-0.0020345880184322596
300;0.0061006611213088036;-0.008044243790209293;0.0020181634463369846;0.004069176036864519
301;0.0020335535518825054;0.0;0.0;0.0
302;0.004067107103765011;-0.004022121895104647;-0.0020181634463369846;0.0
303;0.004067107103765011;0.0;0.0;0.006103763822466135
304;0.004067107103765011;-0.0020110609475523233;0.0;0.0
305;0.0061006611213088036;0.0;0.0020181634463369846;-0.004069176036864519
306;0.0020335535518825054;-0.0020110609475523233;0.004036326892673969;-0.006103763822466135
307;0.0061006611213088036;-0.0020110609475523233;0.0020181634463369846;0.0020345880184322596
308;0.0061006611213088036;-0.006033182609826326;0.004036326892673969;-0.004069176036864519
309;0.0;0.0;0.0020181634463369846;0.004069176036864519
310;0.0020335535518825054;0.0;0.0;0.0020345880184322596
311;0.008134214207530022;-0.0020110609475523233;0.004036326892673969;-0.004069176036864519
312;0.0020335535518825054;-0.0020110609475523233;0.0020181634463369846;-0.0020345880184322596
313;0.0020335535518825054;-0.006033182609826326;0.006054490339010954;0.0
314;0.0;-0.004022121895104647;0.0;0.0
315;0.004067107103765011;0.0020110609475523233;-0.0020181634463369846;0.0020345880184322596
316;0.0020335535518825054;-0.0020110609475523233;0.0020181634463369846;0.0020345880184322596
317;-0.0020335535518825054;-0.006033182609826326;0.0020181634463369846;-0.0020345880184322596
318;0.0020335535518825054;-0.0020110609475523233;0.0;-0.0020345880184322596
319;0.0020335535518825054;-0.0020110609475523233;0.0;-0.0020345880184322596
320;0.004067107103765011;-0.0020110609475523233;-0.0020181634463369846;0.0
321;0.010167768225073814;-0.0020110609475523233;0.0;0.004069176036864519
322;0.004067107103765011;-0.004022121895104647;0.0;0.0
323;-0.0020335535518825054;0.0020110609475523233;0.004036326892673969;0.0020345880184322596
324;0.0061006611213088036;-0.0020110609475523233;0.0;-0.0020345880184322596
325;0.008134214207530022;0.006033182609826326;0.0020181634463369846;0.0
326;0.004067107103765011;-0.004022121895104647;0.0020181634463369846;-0.006103763822466135
327;0.0020335535518825054;-0.0020110609475523233;-0.0020181634463369846;0.004069176036864519
328;0.0020335535518825054;0.0020110609475523233;0.0;0.0020345880184322596
329;0.004067107103765011;-0.004022121895104647;0.0;0.0020345880184322596
330;0.004067107103765011;0.0020110609475523233;0.0020181634463369846;-0.006103763822466135
331;0.0;-0.0020110609475523233;0.006054490339010954;0.0020345880184322596
332;0.008134214207530022;0.0;-0.0020181634463369846;-0.008138352073729038
333;0.0020335535518825054;-0.008044243790209293;0.0020181634463369846;0.0
334;0.0020335535518825054;0.0;0.0;0.004069176036864519
335;0.0061006611213088036;0.0020110609475523233;0.0020181634463369846;0.004069176036864519
336;0.004067107103765011;-0.004022121895104647;0.0;-0.004069176036864519
337;0.0020335535518825054;0.0;0.004036326892673969;-0.004069176036864519
338;-0.0020335535518825054;0.0;0.0;-0.0020345880184322596
339;0.0020335535518825054;0.0;-0.0020181634463369846;0.0020345880184322596
340;0.008134214207530022;-0.0020110609475523233;0.004036326892673969;0.0020345880184322596
341;0.0020335535518825054;-0.004022121895104647;0.0020181634463369846;0.0
342;0.0020335535518825054;-0.004022121895104647;0.0;-0.004069176036864519
343;0.0061006611213088036;0.0;0.004036326892673969;0.0020345880184322596
344;0.0020335535518825054;-0.0020110609475523233;-0.004036326892673969;-0.0020345880184322596
345;0.0061006611213088036;0.0;0.0;0.0020345880184322596
346;0.0020335535518825054;-0.0020110609475523233;0.0020181634463369846;0.0
347;0.0061006611213088036;0.004022121895104647;-0.0020181634463369846;0.0020345880184322596
348;0.0020335535518825054;0.0;0.0020181634463369846;0.004069176036864519
349;0.008134214207530022;0.0;0.0;0.0
350;0.008134214207530022;-0.0020110609475523233;0.0020181634463369846;0.0
351;0.0061006611213088036;-0.004022121895104647;0.0020181634463369846;0.0020345880184322596
352;-0.004067107103765011;0.0020110609475523233;0.0;0.004069176036864519
353;0.0020335535518825054;-0.004022121895104647;0.0;-0.0020345880184322596
354;0.0020335535518825054;0.0;-0.0020181634463369846;-0.006103763822466135
355;0.0;-0.0020110609475523233;0.0;0.0020345880184322596
356;0.0020335535518825054;0.0;0.0020181634463369846;0.006103763822466135
357;-0.0020335535518825054;0.0;0.0020181634463369846;-0.0020345880184322596
358;0.0020335535518825054;0.004022121895104647;-0.0020181634463369846;0.0020345880184322596
359;0.0020335535518825054;-0.006033182609826326;0.0;-0.0020345880184322596
360;0.0020335535518825054;-0.0020110609475523233;0.0020181634463369846;0.0020345880184322596
361;0.004067107103765011;0.0;0.0020181634463369846;0.0
362;0.0061006611213088036;0.0;0.004036326892673969;-0.004069176036864519
363;0.004067107103765011;-0.0020110609475523233;0.0020181634463369846;0.004069176036864519
364;0.004067107103765011;0.0020110609475523233;0.0;0.004069176036864519
365;0.0020335535518825054;-0.0020110609475523233;-0.0020181634463369846;-0.0020345880184322596
366;0.0020335535518825054;-0.0020110609475523233;0.0020181634463369846;0.0020345880184322596
367;0.0020335535518825054;0.0;0.0020181634463369846;-0.0020345880184322596
368;0.0020335535518825054;-0.004022121895104647;-0.0020181634463369846;0.0
369;0.0061006611213088036;0.0;0.0020181634463369846;0.0
370;0.0061006611213088036;0.0020110609475523233;-0.0020181634463369846;0.0
371;0.004067107103765011;0.0;-0.0020181634463369846;0.004069176036864519
372;-0.0020335535518825054;0.0;0.0020181634463369846;-0.0020345880184322596
373;0.008134214207530022;0.0;0.004036326892673969;0.0020345880184322596
374;0.0020335535518825054;-0.0020110609475523233;-0.0020181634463369846;-0.004069176036864519
375;0.0;-0.0020110609475523233;0.0;-0.0020345880184322596
376;0.0020335535518825054;0.004022121895104647;-0.004036326892673969;0.0
377;0.0061006611213088036;-0.0020110609475523233;-0.004036326892673969;0.0020345880184322596
378;0.0020335535518825054;-0.0020110609475523233;0.0020181634463369846;0.0020345880184322596
379;0.0020335535518825054;0.0;0.0;0.0
380;0.0020335535518825054;-0.008044243790209293;0.0020181634463369846;0.0020345880184322596
381;0.004067107103765011;-0.006033182609826326;0.0;0.0
382;0.0020335535518825054;-0.0020110609475523233;-0.0020181634463369846;0.0020345880184322596
383;0.0;-0.0020110609475523233;0.0020181634463369846;0.0020345880184322596
384;-0.0020335535518825054;-0.0020110609475523233;0.0;0.0020345880184322596
385;0.0061006611213088036;-0.004022121895104647;0.0;0.0
386;0.0;-0.0020110609475523233;-0.0020181634463369846;-0.0020345880184322596
387;0.0;0.0020110609475523233;-0.004036326892673969;0.004069176036864519
388;0.004067107103765011;0.004022121895104647;0.004036326892673969;0.0
389;0.0;-0.0020110609475523233;0.0020181634463369846;-0.0020345880184322596
390;0.0;-0.0020110609475523233;-0.0020181634463369846;-0.006103763822466135
391;0.0020335535518825054;-0.0020110609475523233;0.004036326892673969;0.0
392;0.0020335535518825054;-0.0020110609475523233;0.0;-0.0020345880184322596
393;0.0;0.0;0.0;0.0
394;0.0020335535518825054;0.0;-0.004036326892673969;0.004069176036864519
395;0.0;-0.0020110609475523233;-0.0020181634463369846;-0.0020345880184322596
396;0.008134214207530022;-0.0020110609475523233;0.006054490339010954;-0.0020345880184322596
397;0.0;0.0;0.0020181634463369846;-0.006103763822466135
398;0.0020335535518825054;-0.004022121895104647;-0.006054490339010954;0.0020345880184322596
399;0.0020335535518825054;0.0;-0.0020181634463369846;-0.0020345880184322596
400;-0.0020335535518825054;-0.004022121895104647;-0.0020181634463369846;-0.0020345880184322596
401;0.0;0.0;0.0;-0.006103763822466135
402;0.0061006611213088036;0.0020110609475523233;0.0;0.0
403;-0.004067107103765011;0.0;-0.0020181634463369846;-0.004069176036864519
404;0.0;-0.0020110609475523233;0.0;-0.004069176036864519
405;0.0;-0.006033182609826326;0.0020181634463369846;-0.0020345880184322596
406;0.004067107103765011;-0.0020110609475523233;0.0;0.0020345880184322596
407;0.0;-0.006033182609826326;0.0;0.008138352073729038
408;0.008134214207530022;-0.004022121895104647;0.0;0.0
409;0.004067107103765011;-0.006033182609826326;0.006054490339010954;0.0020345880184322596
410;0.004067107103765011;-0.0020110609475523233;0.0020181634463369846;0.0020345880184322596
411;0.004067107103765011;-0.0020110609475523233;-0.004036326892673969;0.0
412;0.004067107103765011;-0.004022121895104647;0.0020181634463369846;-0.0020345880184322596
413;0.0;0.0;0.004036326892673969;0.0020345880184322596
414;0.0061006611213088036;-0.0020110609475523233;0.004036326892673969;0.004069176036864519
415;0.0020335535518825054;-0.0020110609475523233;-0.0020181634463369846;-0.006103763822466135
416;0.008134214207530022;0.0020110609475523233;0.0;0.0020345880184322596
417;0.004067107103765011;-0.0020110609475523233;0.0;-0.0020345880184322596
418;0.0020335535518825054;-0.004022121895104647;0.0020181634463369846;-0.0020345880184322596
419;0.004067107103765011;-0.006033182609826326;-0.0020181634463369846;-0.0020345880184322596
420;0.0;-0.0020110609475523233;-0.004036326892673969;0.0020345880184322596
421;0.0;-0.0020110609475523233;-0.0020181634463369846;0.004069176036864519
422;0.0020335535518825054;-0.006033182609826326;0.004036326892673969;-0.0020345880184322596
423;-0.0020335535518825054;-0.0020110609475523233;0.0020181634463369846;-0.004069176036864519
424;0.0;0.0;0.0;0.0020345880184322596
425;0.0;0.0;0.0020181634463369846;0.0020345880184322596
426;0.0020335535518825054;-0.004022121895104647;0.0;0.004069176036864519
427;0.004067107103765011;-0.004022121895104647;0.0;-0.0020345880184322596
428;-0.0061006611213088036;0.0020110609475523233;0.0020181634463369846;-0.0020345880184322596
429;0.0020335535518825054;0.004022121895104647;0.0020181634463369846;0.0
430;0.0;-0.004022121895104647;0.0;-0.0020345880184322596
431;0.004067107103765011;0.0;0.0020181634463369846;0.0
432;0.004067107103765011;0.0020110609475523233;0.004036326892673969;0.0
433;0.0;-0.006033182609826326;0.0020181634463369846;-0.004069176036864519
434;0.0;-0.0020110609475523233;0.004036326892673969;0.0
435;0.0061006611213088036;-0.0020110609475523233;-0.0020181634463369846;0.0
436;0.0061006611213088036;0.0020110609475523233;0.0;0.0
437;0.0061006611213088036;0.0;0.0020181634463369846;0.0020345880184322596
438;0.0061006611213088036;-0.0020110609475523233;-0.0020181634463369846;-0.0020345880184322596
439;0.0061006611213088036;-0.006033182609826326;0.0020181634463369846;0.004069176036864519
440;0.0020335535518825054;0.0;0.0020181634463369846;0.0
441;0.0;0.0;0.0020181634463369846;-0.0020345880184322596
442;0.004067107103765011;-0.0020110609475523233;-0.0020181634463369846;-0.0020345880184322596
443;0.004067107103765011;-0.0020110609475523233;0.0;0.0
444;0.0061006611213088036;-0.004022121895104647;0.0;0.0020345880184322596
445;0.0020335535518825054;-0.0020110609475523233;0.0;0.0
446;0.0020335535518825054;-0.0020110609475523233;0.0020181634463369846;0.0
447;-0.0061006611213088036;0.0;-0.0020181634463369846;0.0020345880184322596
448;0.004067107103765011;-0.0020110609475523233;0.0020181634463369846;-0.004069176036864519
449;0.004067107103765011;-0.006033182609826326;0.0;0.006103763822466135
450;0.0;0.0;0.0020181634463369846;-0.006103763822466135
451;0.004067107103765011;0.0;0.0020181634463369846;0.004069176036864519
452;0.0061006611213088036;0.0020110609475523233;0.0;0.0
453;0.0020335535518825054;0.0020110609475523233;-0.0020181634463369846;0.0
454;0.004067107103765011;0.0;0.0020181634463369846;0.0020345880184322596
455;0.004067107103765011;0.0;-0.004036326892673969;0.0
456;0.0061006611213088036;0.0;-0.0020181634463369846;-0.0020345880184322596
457;0.0020335535518825054;-0.0020110609475523233;0.004036326892673969;-0.004069176036864519
458;0.0020335535518825054;0.0;-0.004036326892673969;-0.0020345880184322596
459;0.0;-0.006033182609826326;-0.0020181634463369846;0.0020345880184322596
460;0.004067107103765011;0.0;-0.0020181634463369846;0.006103763822466135
461;0.0;0.0;-0.004036326892673969;-0.006103763822466135
462;0.0020335535518825054;-0.004022121895104647;-0.0020181634463369846;-0.0020345880184322596
463;0.0020335535518825054;0.0;-0.0020181634463369846;0.004069176036864519
464;0.004067107103765011;0.0020110609475523233;0.0;0.0020345880184322596
465;0.0061006611213088036;-0.0020110609475523233;-0.006054490339010954;-0.0020345880184322596
466;0.0020335535518825054;-0.006033182609826326;-0.004036326892673969;0.0020345880184322596
467;0.004067107103765011;-0.004022121895104647;-0.004036326892673969;0.0
468;0.004067107103765011;-0.0020110609475523233;0.0;-0.0020345880184322596
469;0.004067107103765011;0.0;-0.0020181634463369846;0.0
470;0.0020335535518825054;-0.0020110609475523233;-0.004036326892673969;-0.006103763822466135
471;0.012201322242617607;0.0020110609475523233;0.004036326892673969;0.0
472;0.0020335535518825054;-0.0020110609475523233;0.0020181634463369846;-0.004069176036864519
473;0.0020335535518825054;-0.004022121895104647;0.0020181634463369846;-0.0020345880184322596
474;0.004067107103765011;0.0;-0.008072653785347939;0.0020345880184322596
475;0.0061006611213088036;0.004022121895104647;0.0;-0.004069176036864519
476;0.0020335535518825054;0.0;0.004036326892673969;-0.0020345880184322596
477;0.0020335535518825054;-0.0020110609475523233;0.0020181634463369846;0.0
478;0.0061006611213088036;-0.0020110609475523233;0.0;0.0020345880184322596
479;0.0061006611213088036;0.0;-0.0020181634463369846;-0.0020345880184322596
480;0.008134214207530022;0.0020110609475523233;-0.004036326892673969;0.008138352073729038
481;0.004067107103765011;0.0;0.004036326892673969;0.0
482;0.0020335535518825054;-0.0020110609475523233;-0.0020181634463369846;-0.0020345880184322596
483;0.008134214207530022;-0.0020110609475523233;0.0;0.0
484;0.0;0.0020110609475523233;0.0;0.0020345880184322596
485;0.004067107103765011;-0.006033182609826326;0.004036326892673969;-0.0020345880184322596
486;0.004067107103765011;0.0020110609475523233;0.004036326892673969;0.0020345880184322596
487;0.004067107103765011;-0.004022121895104647;-0.0020181634463369846;0.0020345880184322596
488;0.0020335535518825054;-0.004022121895104647;-0.004036326892673969;0.0
489;0.0020335535518825054;0.0020110609475523233;0.0020181634463369846;-0.0020345880184322596
490;-0.0020335535518825054;0.0;0.0020181634463369846;-0.0020345880184322596
491;0.0061006611213088036;0.0020110609475523233;0.0020181634463369846;0.0
492;0.0;-0.0020110609475523233;0.0020181634463369846;0.0
493;0.0061006611213088036;0.0;-0.0020181634463369846;-0.0020345880184322596
494;0.0061006611213088036;-0.0020110609475523233;0.0;-0.006103763822466135
495;0.004067107103765011;0.0020110609475523233;-0.0020181634463369846;0.006103763822466135
496;0.0020335535518825054;-0.0020110609475523233;-0.004036326892673969;-0.0020345880184322596
497;0.0;0.0;0.0020181634463369846;-0.004069176036864519
498;0.0061006611213088036;-0.004022121895104647;0.0;0.004069176036864519
499;0.0020335535518825054;-0.004022121895104647;0.0020181634463369846;0.0
500;0.0020335535518825054;0.004022121895104647;0.0;0.0
501;0.008134214207530022;-0.0020110609475523233;-0.0020181634463369846;0.0
502;0.0061006611213088036;0.0;-0.0020181634463369846;0.0020345880184322596
503;0.0;0.0;0.0;0.0
504;0.004067107103765011;0.0;0.0020181634463369846;0.008138352073729038
505;0.0020335535518825054;0.0020110609475523233;0.0;0.0
506;0.004067107103765011;-0.0020110609475523233;-0.004036326892673969;0.0020345880184322596
507;0.004067107103765011;0.0;0.004036326892673969;-0.0020345880184322596
508;0.0;-0.004022121895104647;0.0020181634463369846;0.0020345880184322596
509;-0.0020335535518825054;0.004022121895104647;0.0;0.0020345880184322596
510;0.0;-0.0020110609475523233;-0.0020181634463369846;-0.0020345880184322596
511;-0.004067107103765011;-0.004022121895104647;0.0020181634463369846;0.0020345880184322596
512;-0.0020335535518825054;0.0020110609475523233;0.0020181634463369846;0.006103763822466135
513;0.0061006611213088036;0.0;0.004036326892673969;0.0
514;0.0020335535518825054;0.0;0.0020181634463369846;0.004069176036864519
515;0.0020335535518825054;-0.0020110609475523233;-0.0020181634463369846;0.0020345880184322596
516;0.0061006611213088036;0.0020110609475523233;-0.006054490339010954;0.0
517;0.008134214207530022;0.004022121895104647;0.004036326892673969;0.006103763822466135
518;0.004067107103765011;0.0;0.0020181634463369846;0.0020345880184322596
519;0.004067107103765011;-0.0020110609475523233;0.0;0.004069176036864519
520;0.008134214207530022;-0.0020110609475523233;-0.0020181634463369846;0.0
521;0.004067107103765011;-0.0020110609475523233;0.0;-0.0020345880184322596
522;-0.0020335535518825054;-0.004022121895104647;-0.0020181634463369846;-0.0020345880184322596
523;0.004067107103765011;0.0;0.0020181634463369846;-0.0020345880184322596
524;0.008134214207530022;0.0020110609475523233;-0.0020181634463369846;0.0020345880184322596
525;0.004067107103765011;-0.0020110609475523233;-0.006054490339010954;0.0020345880184322596
526;0.0061006611213088036;-0.0020110609475523233;-0.0020181634463369846;0.0
527;0.0020335535518825054;-0.004022121895104647;0.0020181634463369846;0.0
528;0.0;-0.008044243790209293;-0.0020181634463369846;0.0
529;0.004067107103765011;0.0;-0.004036326892673969;-0.0020345880184322596
530;0.0020335535518825054;-0.006033182609826326;0.0;0.004069176036864519
531;0.0020335535518825054;-0.004022121895104647;0.0020181634463369846;0.0
532;-0.0020335535518825054;0.004022121895104647;0.0;-0.004069176036864519
533;0.0020335535518825054;0.0020110609475523233;0.0;-0.0020345880184322596
534;0.0;0.0;-0.0020181634463369846;-0.004069176036864519
535;0.0061006611213088036;-0.0020110609475523233;-0.0020181634463369846;0.0020345880184322596
536;0.0020335535518825054;0.0;0.0;0.006103763822466135
537;0.0;-0.006033182609826326;0.004036326892673969;0.0020345880184322596
538;0.0020335535518825054;-0.0020110609475523233;0.0020181634463369846;-0.0020345880184322596
539;0.0;-0.006033182609826326;0.0020181634463369846;0.0
540;0.004067107103765011;0.0;-0.0020181634463369846;0.004069176036864519
541;0.004067107103765011;-0.004022121895104647;-0.0020181634463369846;0.0
542;0.004067107103765011;0.0;0.0020181634463369846;0.0020345880184322596
543;0.0020335535518825054;0.0;-0.0020181634463369846;0.0
544;0.0020335535518825054;0.0;0.0020181634463369846;0.0
545;0.0020335535518825054;-0.006033182609826326;0.0020181634463369846;0.0020345880184322596
546;0.0;0.0;0.0020181634463369846;-0.0020345880184322596
547;0.0061006611213088036;0.0020110609475523233;0.0020181634463369846;0.004069176036864519
548;0.0;0.0;-0.004036326892673969;0.0
549;0.004067107103765011;-0.006033182609826326;-0.0020181634463369846;-0.0020345880184322596
550;0.0;-0.0020110609475523233;0.0020181634463369846;0.0020345880184322596
551;0.004067107103765011;-0.0020110609475523233;0.006054490339010954;-0.0020345880184322596
552;0.0020335535518825054;0.0020110609475523233;0.0;0.0
553;0.0;0.0;-0.004036326892673969;0.008138352073729038
554;-0.0020335535518825054;-0.004022121895104647;0.004036326892673969;0.0020345880184322596
555;0.004067107103765011;0.0;0.0020181634463369846;-0.0020345880184322596
556;0.004067107103765011;0.0;-0.004036326892673969;-0.0020345880184322596
557;0.0061006611213088036;-0.006033182609826326;0.0;-0.004069176036864519
558;0.0;-0.004022121895104647;0.004036326892673969;0.0
559;0.0061006611213088036;-0.004022121895104647;0.0;0.0
560;0.0020335535518825054;-0.006033182609826326;0.0;0.004069176036864519
561;0.004067107103765011;0.0;0.0020181634463369846;-0.0020345880184322596
562;0.004067107103765011;-0.006033182609826326;-0.0020181634463369846;-0.004069176036864519
563;0.004067107103765011;0.0;0.0;0.0020345880184322596
564;0.0020335535518825054;-0.008044243790209293;0.004036326892673969;0.004069176036864519
565;0.008134214207530022;-0.004022121895104647;-0.006054490339010954;-0.0020345880184322596
566;-0.0020335535518825054;-0.006033182609826326;-0.004036326892673969;-0.0020345880184322596
567;0.0020335535518825054;-0.0020110609475523233;-0.0020181634463369846;0.0
568;0.004067107103765011;-0.006033182609826326;-0.0020181634463369846;0.0
569;0.0020335535518825054;-0.0020110609475523233;-0.0020181634463369846;-0.006103763822466135
570;0.0;-0.0020110609475523233;0.0020181634463369846;-0.006103763822466135
571;0.0;-0.004022121895104647;0.0;-0.004069176036864519
572;0.0061006611213088036;-0.006033182609826326;-0.004036326892673969;0.0020345880184322596
573;0.0020335535518825054;-0.0020110609475523233;0.004036326892673969;0.0
574;0.004067107103765011;-0.004022121895104647;-0.0020181634463369846;0.0
575;-0.0020335535518825054;0.004022121895104647;0.004036326892673969;0.0020345880184322596
576;0.004067107103765011;0.0;0.0020181634463369846;0.0
577;0.0020335535518825054;-0.006033182609826326;0.0;-0.0020345880184322596
578;0.008134214207530022;0.0020110609475523233;0.0;-0.004069176036864519
579;0.004067107103765011;0.0020110609475523233;-0.0020181634463369846;0.0020345880184322596
580;0.0020335535518825054;0.004022121895104647;0.006054490339010954;0.0
581;0.0020335535518825054;0.0;0.0020181634463369846;0.004069176036864519
582;0.004067107103765011;-0.008044243790209293;0.0020181634463369846;0.004069176036864519
583;0.004067107103765011;-0.0020110609475523233;-0.0020181634463369846;0.004069176036864519
584;0.0020335535518825054;-0.0020110609475523233;-0.004036326892673969;0.0020345880184322596
585;0.0061006611213088036;0.0;0.004036326892673969;-0.004069176036864519
586;0.0;-0.004022121895104647;0.0;-0.0020345880184322596
587;-0.0020335535518825054;-0.0020110609475523233;-0.0020181634463369846;0.004069176036864519
588;-0.0020335535518825054;-0.0020110609475523233;0.0;0.0020345880184322596
589;0.0020335535518825054;0.0;0.004036326892673969;-0.0020345880184322596
590;0.0020335535518825054;-0.004022121895104647;-0.0020181634463369846;0.0020345880184322596
591;0.008134214207530022;-0.0020110609475523233;0.0020181634463369846;-0.0020345880184322596
592;0.0;-0.0020110609475523233;0.004036326892673969;0.0
593;0.0020335535518825054;-0.006033182609826326;0.0;0.004069176036864519
594;0.004067107103765011;-0.0020110609475523233;0.0020181634463369846;-0.004069176036864519
595;0.0;-0.0020110609475523233;0.004036326892673969;-0.0020345880184322596
596;0.0020335535518825054;-0.0020110609475523233;0.006054490339010954;0.0
597;0.0020335535518825054;0.0;0.0020181634463369846;-0.0020345880184322596
598;0.0061006611213088036;0.0;0.0020181634463369846;0.004069176036864519
599;-0.0020335535518825054;0.0;0.0;-0.0020345880184322596
600;0.004067107103765011;-0.004022121895104647;0.0;0.0
601;0.004067107103765011;0.0;-0.0020181634463369846;0.0
602;0.0020335535518825054;-0.008044243790209293;0.0020181634463369846;0.0
603;0.004067107103765011;0.0020110609475523233;-0.0020181634463369846;0.0
604;0.0020335535518825054;-0.0020110609475523233;0.0;-0.0020345880184322596
605;0.004067107103765011;0.0;0.0;-0.0020345880184322596
606;0.0;-0.004022121895104647;-0.0020181634463369846;-0.004069176036864519
607;0.0;0.0;0.004036326892673969;0.0
608;0.004067107103765011;0.0020110609475523233;0.004036326892673969;0.0020345880184322596
609;0.0020335535518825054;-0.004022121895104647;0.006054490339010954;0.0020345880184322596
610;0.004067107103765011;0.004022121895104647;0.006054490339010954;0.0
611;0.0020335535518825054;-0.004022121895104647;0.0;-0.0020345880184322596
612;0.0061006611213088036;0.0;0.004036326892673969;-0.0020345880184322596
613;0.0;-0.0020110609475523233;0.006054490339010954;-0.0020345880184322596
614;0.0020335535518825054;0.0020110609475523233;0.0;-0.0020345880184322596
615;0.004067107103765011;-0.0020110609475523233;0.0;0.0
616;0.0061006611213088036;-0.004022121895104647;-0.006054490339010954;-0.0020345880184322596
617;0.008134214207530022;0.0;0.0020181634463369846;0.0
618;0.0;-0.004022121895104647;0.0020181634463369846;0.0
619;0.0020335535518825054;-0.0020110609475523233;0.0;-0.004069176036864519
620;0.004067107103765011;0.0;0.0;0.004069176036864519
621;0.0;-0.004022121895104647;0.0;0.006103763822466135
622;0.004067107103765011;0.0020110609475523233;-0.0020181634463369846;0.004069176036864519
623;-0.0061006611213088036;-0.004022121895104647;-0.0020181634463369846;-0.004069176036864519
624;-0.0020335535518825054;0.0;-0.004036326892673969;0.0020345880184322596
625;0.0;0.0020110609475523233;0.004036326892673969;0.0020345880184322596
626;0.0;0.0;0.0;0.0
627;0.0;-0.0020110609475523233;0.0;-0.0020345880184322596
628;-0.0020335535518825054;-0.0020110609475523233;-0.006054490339010954;-0.0020345880184322596
629;0.008134214207530022;0.004022121895104647;0.0;0.0020345880184322596
630;0.004067107103765011;-0.004022121895104647;0.0;-0.0020345880184322596
631;0.010167768225073814;0.0;0.0;-0.0020345880184322596
632;0.004067107103765011;0.0;0.004036326892673969;0.0
633;0.0020335535518825054;-0.006033182609826326;-0.0020181634463369846;0.004069176036864519
634;0.0020335535518825054;-0.0020110609475523233;0.004036326892673969;0.0020345880184322596
635;0.004067107103765011;-0.0020110609475523233;0.0020181634463369846;-0.006103763822466135
636;-0.0020335535518825054;0.0020110609475523233;0.0;0.0
637;0.0;-0.004022121895104647;-0.0020181634463369846;0.0020345880184322596
638;0.0061006611213088036;0.0;0.0;-0.0020345880184322596
639;0.004067107103765011;-0.006033182609826326;0.006054490339010954;-0.0020345880184322596
640;0.0;-0.004022121895104647;0.0020181634463369846;-0.006103763822466135
641;0.004067107103765011;-0.0020110609475523233;0.0020181634463369846;0.0020345880184322596
642;0.008134214207530022;-0.0020110609475523233;-0.0020181634463369846;-0.0020345880184322596
643;0.0;0.0;-0.0020181634463369846;-0.0020345880184322596
644;0.0020335535518825054;0.0020110609475523233;0.0;-0.004069176036864519
645;0.004067107103765011;-0.0020110609475523233;-0.0020181634463369846;-0.0020345880184322596
646;0.004067107103765011;-0.0020110609475523233;-0.004036326892673969;-0.008138352073729038
647;0.0061006611213088036;-0.004022121895104647;0.006054490339010954;0.0
648;0.0;-0.0020110609475523233;-0.0020181634463369846;0.0
649;0.004067107103765011;-0.006033182609826326;0.0020181634463369846;0.0
650;0.0020335535518825054;-0.0020110609475523233;-0.004036326892673969;0.0020345880184322596
651;0.008134214207530022;0.0020110609475523233;0.0020181634463369846;-0.006103763822466135
652;0.004067107103765011;-0.0020110609475523233;-0.0020181634463369846;0.0020345880184322596
653;-0.0020335535518825054;-0.0020110609475523233;0.0020181634463369846;0.0020345880184322596
654;0.0020335535518825054;0.004022121895104647;-0.006054490339010954;0.0
655;0.004067107103765011;-0.0020110609475523233;0.0;-0.004069176036864519
656;0.0020335535518825054;0.0;-0.0020181634463369846;-0.004069176036864519
657;0.0;-0.004022121895104647;-0.0020181634463369846;0.0
658;0.004067107103765011;0.0020110609475523233;0.0;0.004069176036864519
659;0.0061006611213088036;-0.004022121895104647;0.004036326892673969;0.0020345880184322596
660;0.004067107103765011;-0.004022121895104647;-0.0020181634463369846;-0.0020345880184322596
661;-0.0020335535518825054;-0.004022121895104647;0.0;0.0020345880184322596
662;0.0020335535518825054;0.0;0.0020181634463369846;-0.0020345880184322596
663;0.0020335535518825054;-0.004022121895104647;-0.004036326892673969;-0.0020345880184322596
664;0.004067107103765011;0.004022121895104647;0.0;-0.004069176036864519
665;0.0;-0.004022121895104647;-0.0020181634463369846;-0.004069176036864519
666;0.004067107103765011;-0.004022121895104647;-0.0020181634463369846;0.0
667;0.0020335535518825054;0.0;-0.0020181634463369846;-0.004069176036864519
668;0.004067107103765011;0.0;0.0;0.0020345880184322596
669;-0.0020335535518825054;-0.0020110609475523233;0.0;-0.0020345880184322596
670;0.004067107103765011;0.0;0.0;0.0020345880184322596
671;0.0061006611213088036;0.0;-0.004036326892673969;0.0
672;0.004067107103765011;-0.006033182609826326;0.0;0.0020345880184322596
673;0.0061006611213088036;-0.004022121895104647;0.004036326892673969;-0.006103763822466135
674;0.008134214207530022;-0.004022121895104647;-0.0020181634463369846;0.0020345880184322596
675;0.0020335535518825054;0.0;0.0020181634463369846;0.0
676;0.0061006611213088036;-0.0020110609475523233;0.004036326892673969;0.004069176036864519
677;0.0;0.0020110609475523233;0.0;-0.004069176036864519
678;0.0020335535518825054;0.0;0.0;0.0
679;0.0020335535518825054;-0.0020110609475523233;0.0;0.0
680;0.0020335535518825054;-0.0020110609475523233;0.0020181634463369846;0.0
681;0.0020335535518825054;0.0020110609475523233;-0.0020181634463369846;-0.0020345880184322596
682;0.0;-0.0020110609475523233;-0.0020181634463369846;0.0020345880184322596
683;0.0;-0.0020110609475523233;-0.004036326892673969;-0.0020345880184322596
684;0.0061006611213088036;-0.004022121895104647;0.006054490339010954;-0.0020345880184322596
685;0.0020335535518825054;0.0020110609475523233;-0.0020181634463369846;0.0020345880184322596
686;0.0;0.0;0.0020181634463369846;0.0
687;0.0;0.0;-0.0020181634463369846;0.0
688;0.0;-0.0020110609475523233;0.0020181634463369846;0.0
689;-0.0061006611213088036;0.0020110609475523233;0.0020181634463369846;0.0
690;0.004067107103765011;0.0020110609475523233;-0.0020181634463369846;0.0
691;0.004067107103765011;-0.008044243790209293;-0.0020181634463369846;-0.0020345880184322596
692;0.0061006611213088036;0.0;-0.0020181634463369846;0.0
693;0.004067107103765011;0.0;-0.0020181634463369846;-0.004069176036864519
694;0.0;0.0;-0.004036326892673969;0.0020345880184322596
695;0.004067107103765011;-0.0020110609475523233;0.004036326892673969;-0.0020345880184322596
696;0.0061006611213088036;-0.0020110609475523233;0.0;0.0
697;0.0020335535518825054;0.0;0.0020181634463369846;-0.004069176036864519
698;0.0061006611213088036;0.0020110609475523233;-0.004036326892673969;0.004069176036864519
699;0.0061006611213088036;0.004022121895104647;0.0020181634463369846;0.0
700;0.0020335535518825054;-0.0020110609475523233;0.0;-0.0020345880184322596
701;0.0061006611213088036;-0.0020110609475523233;0.0;0.0020345880184322596
702;0.004067107103765011;-0.0020110609475523233;-0.0020181634463369846;0.0020345880184322596
703;0.0020335535518825054;0.0020110609475523233;0.0020181634463369846;0.0020345880184322596
704;0.004067107103765011;-0.004022121895104647;0.0;0.0020345880184322596
705;0.004067107103765011;-0.0020110609475523233;0.0;0.0
706;0.0020335535518825054;0.0020110609475523233;0.0;0.004069176036864519
707;-0.0020335535518825054;-0.0020110609475523233;0.0;0.0020345880184322596
708;0.0061006611213088036;-0.0020110609475523233;0.0;-0.0020345880184322596
709;-0.0020335535518825054;0.0;0.0;0.0
710;0.004067107103765011;-0.004022121895104647;0.0;0.0
711;0.0;0.004022121895104647;0.0;0.0
712;0.0;0.0;0.0;0.0
713;0.0;-0.004022121895104647;0.0020181634463369846;-0.0020345880184322596
714;0.004067107103765011;0.0020110609475523233;0.0020181634463369846;0.0020345880184322596
715;0.0;-0.0020110609475523233;-0.0020181634463369846;0.004069176036864519
716;0.0061006611213088036;-0.0020110609475523233;0.0;0.0
717;0.0;-0.006033182609826326;0.0020181634463369846;0.0020345880184322596
718;0.004067107103765011;0.0;-0.004036326892673969;-0.0020345880184322596
719;0.0061006611213088036;-0.0020110609475523233;-0.0020181634463369846;-0.0020345880184322596
720;0.004067107103765011;0.0;0.0020181634463369846;0.0020345880184322596
721;0.0;0.0;-0.0020181634463369846;-0.0020345880184322596
722;0.0020335535518825054;-0.0020110609475523233;0.004036326892673969;0.0
723;0.010167768225073814;-0.0020110609475523233;-0.006054490339010954;-0.008138352073729038
724;0.008134214207530022;0.0020110609475523233;0.0;0.0
725;0.004067107103765011;-0.004022121895104647;-0.0020181634463369846;0.0
726;0.0061006611213088036;0.0;0.006054490339010954;0.0
727;-0.0020335535518825054;0.0;0.0020181634463369846;-0.006103763822466135
728;0.0061006611213088036;-0.008044243790209293;0.006054490339010954;0.0
729;0.004067107103765011;-0.006033182609826326;0.004036326892673969;0.0
730;0.004067107103765011;-0.0020110609475523233;0.0020181634463369846;0.006103763822466135
731;0.004067107103765011;0.0;0.0;0.0
732;0.0061006611213088036;-0.004022121895104647;-0.0020181634463369846;0.0020345880184322596
733;0.0;-0.004022121895104647;-0.004036326892673969;-0.0020345880184322596
734;0.0061006611213088036;-0.0020110609475523233;0.0020181634463369846;-0.0020345880184322596
735;0.0020335535518825054;0.0;0.0;0.0
736;0.0020335535518825054;0.0;0.006054490339010954;0.0020345880184322596
737;0.0020335535518825054;-0.004022121895104647;0.0;0.004069176036864519
738;0.008134214207530022;-0.004022121895104647;-0.004036326892673969;0.0
739;0.0061006611213088036;-0.0020110609475523233;-0.004036326892673969;-0.0020345880184322596
740;0.0061006611213088036;-0.004022121895104647;0.0020181634463369846;0.0020345880184322596
741;0.0020335535518825054;-0.0020110609475523233;0.008072653785347939;0.0
742;0.0020335535518825054;-0.004022121895104647;0.0020181634463369846;0.0
743;0.004067107103765011;-0.0020110609475523233;-0.0020181634463369846;-0.0020345880184322596
744;0.0020335535518825054;0.0;-0.004036326892673969;0.0020345880184322596
745;0.0020335535518825054;-0.004022121895104647;-0.0020181634463369846;0.0
746;0.0;0.0020110609475523233;0.0;0.0020345880184322596
747;0.0020335535518825054;0.0;0.004036326892673969;-0.0020345880184322596
748;0.0;-0.004022121895104647;0.0;0.0
749;0.0020335535518825054;0.0;0.0;0.0
750;-0.0020335535518825054;0.0;0.0;0.0020345880184322596
751;0.008134214207530022;0.0;0.0;0.008138352073729038
752;0.0020335535518825054;-0.004022121895104647;0.0;0.0020345880184322596
753;0.0061006611213088036;0.0;-0.004036326892673969;0.0
754;0.0;0.0;-0.0020181634463369846;0.0
755;-0.0020335535518825054;-0.0020110609475523233;0.0;-0.0020345880184322596
756;-0.004067107103765011;0.0;0.0;0.0020345880184322596
757;0.0020335535518825054;-0.004022121895104647;0.004036326892673969;0.0020345880184322596
758;0.004067107103765011;-0.0020110609475523233;-0.0020181634463369846;-0.0020345880184322596
759;0.0061006611213088036;0.0020110609475523233;0.0;0.0
760;0.0061006611213088036;-0.004022121895104647;0.0020181634463369846;-0.006103763822466135
761;0.004067107103765011;0.0;-0.0020181634463369846;0.0
762;0.004067107103765011;-0.004022121895104647;-0.004036326892673969;0.0020345880184322596
763;0.004067107103765011;-0.006033182609826326;0.004036326892673969;-0.0020345880184322596
764;0.004067107103765011;-0.008044243790209293;0.0020181634463369846;0.004069176036864519
765;0.0020335535518825054;-0.008044243790209293;-0.004036326892673969;-0.004069176036864519
766;0.0;0.0;-0.0020181634463369846;0.0
767;0.0020335535518825054;-0.0020110609475523233;-0.0020181634463369846;-0.0020345880184322596
768;0.008134214207530022;0.0;0.0020181634463369846;-0.0020345880184322596
769;0.0020335535518825054;0.0;-0.0020181634463369846;0.0020345880184322596
770;0.0020335535518825054;-0.0020110609475523233;-0.0020181634463369846;-0.0020345880184322596
771;0.008134214207530022;0.004022121895104647;0.0020181634463369846;-0.0020345880184322596
772;0.0;0.0;0.0020181634463369846;0.0
773;0.004067107103765011;-0.006033182609826326;-0.0020181634463369846;-0.006103763822466135
774;0.010167768225073814;-0.004022121895104647;0.006054490339010954;-0.0020345880184322596
775;0.008134214207530022;-0.0020110609475523233;-0.0020181634463369846;0.0
776;0.008134214207530022;0.0020110609475523233;0.004036326892673969;0.0020345880184322596
777;0.008134214207530022;-0.0020110609475523233;0.0;0.0020345880184322596
778;0.0;-0.004022121895104647;-0.0020181634463369846;-0.0020345880184322596
779;0.004067107103765011;-0.006033182609826326;0.0020181634463369846;-0.006103763822466135
780;0.0061006611213088036;-0.0020110609475523233;-0.0020181634463369846;-0.0020345880184322596
781;0.004067107103765011;-0.006033182609826326;0.0020181634463369846;0.0020345880184322596
782;0.0020335535518825054;-0.0020110609475523233;-0.006054490339010954;0.0020345880184322596
783;0.0020335535518825054;-0.0020110609475523233;-0.0020181634463369846;0.0
784;0.0;0.0;-0.0020181634463369846;-0.0020345880184322596
785;0.008134214207530022;0.0;-0.004036326892673969;-0.0020345880184322596
786;0.0;-0.0020110609475523233;-0.0020181634463369846;0.0020345880184322596
787;0.008134214207530022;-0.006033182609826326;0.004036326892673969;0.0
788;0.0;-0.004022121895104647;-0.0020181634463369846;-0.0020345880184322596
789;0.0;0.0020110609475523233;-0.0020181634463369846;-0.0020345880184322596
790;0.0020335535518825054;0.0;-0.004036326892673969;0.0020345880184322596
791;0.0020335535518825054;-0.004022121895104647;0.0;0.0
792;0.004067107103765011;-0.0020110609475523233;0.0020181634463369846;-0.0020345880184322596
793;0.004067107103765011;-0.004022121895104647;0.0;0.0020345880184322596
794;0.0;0.0020110609475523233;0.0;0.0020345880184322596
795;0.0;0.0;-0.0020181634463369846;0.0020345880184322596
796;0.004067107103765011;-0.004022121895104647;0.0;-0.0020345880184322596
797;0.0;-0.0020110609475523233;0.0;0.0020345880184322596
798;0.0;-0.0020110609475523233;-0.0020181634463369846;-0.0020345880184322596
799;0.0;-0.006033182609826326;0.0;0.0020345880184322596
800;0.0020335535518825054;-0.004022121895104647;-0.0020181634463369846;-0.0020345880184322596
801;-0.0061006611213088036;0.0;-0.0020181634463369846;0.0
802;0.004067107103765011;0.0020110609475523233;-0.0020181634463369846;0.0
803;0.004067107103765011;-0.0020110609475523233;0.0;0.0020345880184322596
804;0.0;0.0;-0.0020181634463369846;0.0
805;0.004067107103765011;0.0;0.0;0.0
806;0.004067107103765011;0.0;0.0020181634463369846;0.006103763822466135
807;0.0;0.0020110609475523233;0.0020181634463369846;0.0020345880184322596
808;0.0;-0.0020110609475523233;0.0;0.0020345880184322596
809;0.0020335535518825054;-0.0020110609475523233;0.0;0.0020345880184322596
810;0.0061006611213088036;-0.0020110609475523233;0.0020181634463369846;0.0020345880184322596
811;0.004067107103765011;-0.0020110609475523233;-0.006054490339010954;-0.0020345880184322596
812;0.008134214207530022;-0.006033182609826326;-0.004036326892673969;-0.0020345880184322596
813;0.0020335535518825054;-0.0020110609475523233;-0.006054490339010954;0.0020345880184322596
814;0.004067107103765011;-0.0020110609475523233;0.006054490339010954;0.0020345880184322596
815;0.004067107103765011;-0.0020110609475523233;0.004036326892673969;0.0020345880184322596
816;0.0061006611213088036;-0.006033182609826326;0.0020181634463369846;-0.004069176036864519
817;0.004067107103765011;-0.0020110609475523233;-0.0020181634463369846;0.0020345880184322596
818;0.0020335535518825054;0.0020110609475523233;-0.0020181634463369846;-0.0020345880184322596
819;0.0;-0.006033182609826326;-0.004036326892673969;0.0
820;0.0020335535518825054;-0.0020110609475523233;-0.0020181634463369846;0.0
821;0.0061006611213088036;-0.0020110609475523233;0.0;-0.0020345880184322596
822;0.0061006611213088036;-0.0020110609475523233;0.0;0.0020345880184322596
823;0.004067107103765011;-0.004022121895104647;0.0;0.0
824;0.0;-0.0020110609475523233;0.0;0.0
825;0.004067107103765011;0.0;0.0;0.004069176036864519
826;0.004067107103765011;-0.0020110609475523233;0.0;0.0
827;0.0;-0.0020110609475523233;0.0020181634463369846;0.0
828;0.0020335535518825054;-0.0020110609475523233;0.0020181634463369846;-0.0020345880184322596
829;0.0020335535518825054;0.0;0.0020181634463369846;-0.004069176036864519
830;-0.0020335535518825054;-0.004022121895104647;-0.0020181634463369846;0.0
831;0.0061006611213088036;-0.004022121895104647;-0.0020181634463369846;0.0020345880184322596
832;0.0020335535518825054;-0.004022121895104647;-0.0020181634463369846;0.0
833;-0.0020335535518825054;-0.0020110609475523233;-0.0020181634463369846;0.0
834;0.0061006611213088036;-0.004022121895104647;-0.004036326892673969;-0.006103763822466135
835;0.0061006611213088036;0.0;-0.006054490339010954;0.0
836;0.0020335535518825054;-0.0020110609475523233;0.006054490339010954;-0.0020345880184322596
837;0.004067107103765011;-0.006033182609826326;-0.0020181634463369846;0.0
838;0.0061006611213088036;0.0;0.0;0.0
839;0.0020335535518825054;0.0;0.0020181634463369846;0.006103763822466135
840;0.004067107103765011;0.004022121895104647;0.0020181634463369846;0.0020345880184322596
841;0.0;0.0;0.0020181634463369846;-0.004069176036864519
842;0.0020335535518825054;-0.0020110609475523233;0.0020181634463369846;0.0020345880184322596
843;0.004067107103765011;0.0;0.0020181634463369846;0.0
844;0.0020335535518825054;0.0;0.0;0.0
845;0.004067107103765011;0.0020110609475523233;0.0;0.0
846;0.004067107103765011;0.0;0.0;0.0
847;0.004067107103765011;0.0;0.004036326892673969;0.0020345880184322596
848;0.008134214207530022;-0.004022121895104647;-0.004036326892673969;0.0020345880184322596
849;0.0;-0.004022121895104647;0.006054490339010954;0.0020345880184322596
850;0.004067107103765011;0.0020110609475523233;0.004036326892673969;-0.0020345880184322596
851;0.0020335535518825054;0.0020110609475523233;0.004036326892673969;-0.0020345880184322596
852;0.0061006611213088036;0.0;-0.006054490339010954;-0.0020345880184322596
853;0.0020335535518825054;0.0;-0.0020181634463369846;0.0
854;0.0061006611213088036;0.0020110609475523233;0.0;0.0
855;0.0;0.0020110609475523233;0.0020181634463369846;-0.0020345880184322596
856;0.0061006611213088036;-0.0020110609475523233;-0.004036326892673969;0.0020345880184322596
857;0.0020335535518825054;0.0020110609475523233;-0.0020181634463369846;-0.004069176036864519
858;0.0;-0.0020110609475523233;-0.0020181634463369846;-0.0020345880184322596
859;0.0;0.0;-0.004036326892673969;0.0020345880184322596
860;0.0020335535518825054;-0.008044243790209293;0.0;0.0020345880184322596
861;0.0;-0.004022121895104647;-0.004036326892673969;-0.0020345880184322596
862;0.0;-0.0020110609475523233;0.0020181634463369846;0.0020345880184322596
863;0.0;0.0;-0.004036326892673969;-0.0020345880184322596
864;0.0020335535518825054;0.0;-0.004036326892673969;-0.0020345880184322596
865;0.0061006611213088036;-0.004022121895104647;0.0;-0.0020345880184322596
866;0.0020335535518825054;0.0;0.004036326892673969;0.0
867;0.004067107103765011;-0.006033182609826326;0.0020181634463369846;0.0
868;0.0020335535518825054;-0.0020110609475523233;0.0;-0.0020345880184322596
869;-0.0020335535518825054;-0.006033182609826326;-0.0020181634463369846;-0.0020345880184322596
870;0.004067107103765011;-0.006033182609826326;0.0;-0.0020345880184322596
871;0.004067107103765011;0.0;0.0020181634463369846;-0.0020345880184322596
872;0.0;-0.0020110609475523233;0.0020181634463369846;0.0020345880184322596
873;0.004067107103765011;-0.0020110609475523233;0.0;0.0
874;0.0;-0.0020110609475523233;0.0;-0.006103763822466135
875;0.004067107103765011;-0.0020110609475523233;-0.004036326892673969;0.0
876;0.0061006611213088036;-0.006033182609826326;-0.0020181634463369846;-0.004069176036864519
877;0.0;0.0;-0.004036326892673969;0.004069176036864519
878;0.0061006611213088036;-0.0020110609475523233;0.006054490339010954;0.004069176036864519
879;0.004067107103765011;0.0020110609475523233;0.0;0.006103763822466135
880;0.0061006611213088036;-0.0020110609475523233;0.0020181634463369846;-0.006103763822466135
881;0.004067107103765011;-0.004022121895104647;0.0020181634463369846;0.0
882;0.0020335535518825054;-0.006033182609826326;-0.008072653785347939;-0.004069176036864519
883;0.0061006611213088036;-0.0020110609475523233;-0.008072653785347939;0.0
884;0.0;0.0;-0.0020181634463369846;0.0020345880184322596
885;0.0;0.0020110609475523233;0.004036326892673969;0.0020345880184322596
886;0.0;-0.0020110609475523233;0.0;-0.004069176036864519
887;0.004067107103765011;0.0;0.0020181634463369846;-0.004069176036864519
888;0.004067107103765011;-0.004022121895104647;-0.004036326892673969;0.004069176036864519
889;0.0;0.0;0.0;-0.0020345880184322596
890;0.0;0.0020110609475523233;-0.0020181634463369846;0.0020345880184322596
891;0.004067107103765011;-0.0020110609475523233;-0.0020181634463369846;0.0
892;0.004067107103765011;-0.006033182609826326;-0.004036326892673969;0.0
893;0.004067107103765011;0.0020110609475523233;0.0020181634463369846;0.0
894;0.004067107103765011;-0.0020110609475523233;0.0;0.004069176036864519
895;0.004067107103765011;-0.004022121895104647;-0.0020181634463369846;-0.004069176036864519
896;0.004067107103765011;0.0020110609475523233;-0.0020181634463369846;0.0020345880184322596
897;0.004067107103765011;-0.004022121895104647;0.0;-0.004069176036864519
898;0.0061006611213088036;0.0;0.0;0.0
899;0.0061006611213088036;0.0;-0.0020181634463369846;-0.006103763822466135
900;0.0020335535518825054;-0.006033182609826326;-0.0020181634463369846;-0.004069176036864519
901;0.0;0.0020110609475523233;-0.0020181634463369846;0.0
902;0.004067107103765011;-0.004022121895104647;-0.0020181634463369846;0.0
903;0.0;0.006033182609826326;-0.004036326892673969;0.0
904;0.008134214207530022;-0.0020110609475523233;0.0020181634463369846;0.0
905;0.010167768225073814;-0.0020110609475523233;0.0020181634463369846;0.0
906;0.0020335535518825054;0.0;0.004036326892673969;-0.0020345880184322596
907;0.004067107103765011;-0.006033182609826326;-0.0020181634463369846;0.0020345880184322596
908;0.0020335535518825054;-0.006033182609826326;-0.0020181634463369846;-0.004069176036864519
909;0.0020335535518825054;-0.008044243790209293;0.0;0.0020345880184322596
910;0.0020335535518825054;-0.0020110609475523233;0.0020181634463369846;0.0
911;0.0020335535518825054;0.0;0.0;0.0
912;0.0020335535518825054;-0.004022121895104647;0.0;-0.0020345880184322596
913;0.004067107103765011;0.0;-0.0020181634463369846;0.004069176036864519
914;0.0020335535518825054;0.0;-0.006054490339010954;0.006103763822466135
915;0.004067107103765011;-0.0020110609475523233;0.004036326892673969;-0.0020345880184322596
916;0.0020335535518825054;-0.006033182609826326;-0.0020181634463369846;-0.0020345880184322596
917;0.0;0.0;0.0;0.0
918;0.004067107103765011;-0.0020110609475523233;0.0;-0.008138352073729038
919;0.0020335535518825054;0.0;0.0020181634463369846;0.0
920;0.0061006611213088036;0.0;-0.0020181634463369846;0.0
921;-0.0020335535518825054;0.0;-0.0020181634463369846;0.0
922;0.004067107103765011;-0.0020110609475523233;-0.0020181634463369846;-0.004069176036864519
923;0.004067107103765011;0.0020110609475523233;0.0;0.004069176036864519
924;0.0;-0.0020110609475523233;0.0020181634463369846;0.0020345880184322596
925;0.0020335535518825054;-0.004022121895104647;-0.004036326892673969;-0.0020345880184322596
926;0.0020335535518825054;0.0020110609475523233;0.0020181634463369846;-0.004069176036864519
927;-0.0020335535518825054;-0.004022121895104647;0.0;-0.004069176036864519
928;0.004067107103765011;-0.0020110609475523233;0.0;-0.0020345880184322596
929;-0.004067107103765011;-0.004022121895104647;0.0020181634463369846;0.0020345880184322596
930;0.004067107103765011;-0.006033182609826326;-0.0020181634463369846;0.0020345880184322596
931;0.0061006611213088036;0.0;-0.0020181634463369846;0.0020345880184322596
932;0.0020335535518825054;-0.004022121895104647;0.0020181634463369846;0.0020345880184322596
933;0.0061006611213088036;0.0;0.0;0.0
934;0.004067107103765011;-0.006033182609826326;-0.004036326892673969;0.0
935;0.008134214207530022;-0.0020110609475523233;0.0;0.0020345880184322596
936;0.008134214207530022;0.0020110609475523233;0.0;0.0020345880184322596
937;0.0020335535518825054;-0.0020110609475523233;0.0;-0.0020345880184322596
938;0.004067107103765011;-0.004022121895104647;-0.006054490339010954;0.0020345880184322596
939;0.0020335535518825054;0.0020110609475523233;0.004036326892673969;0.0020345880184322596
940;0.008134214207530022;-0.0020110609475523233;0.0;-0.0020345880184322596
941;0.0020335535518825054;0.004022121895104647;-0.0020181634463369846;-0.0020345880184322596
942;0.004067107103765011;-0.004022121895104647;0.0;0.0
943;0.004067107103765011;-0.004022121895104647;0.0020181634463369846;0.0020345880184322596
944;0.0020335535518825054;-0.008044243790209293;-0.004036326892673969;0.0
945;0.0;-0.0020110609475523233;-0.004036326892673969;0.0
946;0.0020335535518825054;-0.0020110609475523233;0.0020181634463369846;0.0020345880184322596
947;0.0020335535518825054;-0.008044243790209293;0.004036326892673969;0.0020345880184322596
948;0.004067107103765011;0.0020110609475523233;-0.004036326892673969;-0.004069176036864519
949;0.0;-0.004022121895104647;-0.006054490339010954;-0.0020345880184322596
950;0.004067107103765011;-0.004022121895104647;0.0020181634463369846;0.0020345880184322596
951;-0.0020335535518825054;-0.004022121895104647;0.0;0.0
952;0.0061006611213088036;-0.004022121895104647;-0.0020181634463369846;0.0
953;0.0020335535518825054;-0.004022121895104647;-0.0020181634463369846;-0.004069176036864519
954;0.0020335535518825054;-0.0020110609475523233;0.0;0.0020345880184322596
955;0.004067107103765011;-0.006033182609826326;0.0;0.0
956;0.004067107103765011;-0.0020110609475523233;0.0020181634463369846;-0.0020345880184322596
957;0.0020335535518825054;0.0;0.0;0.0020345880184322596
958;0.004067107103765011;-0.004022121895104647;0.006054490339010954;0.0020345880184322596
959;0.008134214207530022;0.0020110609475523233;-0.0020181634463369846;-0.0020345880184322596
960;-0.008134214207530022;0.0;0.008072653785347939;0.004069176036864519
961;-0.0020335535518825054;-0.0020110609475523233;0.0;0.0
962;0.004067107103765011;0.0;0.0;0.0
963;0.004067107103765011;0.0;0.0;-0.0020345880184322596
964;0.008134214207530022;-0.0020110609475523233;0.0020181634463369846;0.0
965;0.0;-0.0020110609475523233;0.0;0.0020345880184322596
966;0.0061006611213088036;0.0;-0.0020181634463369846;-0.006103763822466135
967;0.008134214207530022;-0.0020110609475523233;-0.0020181634463369846;-0.0020345880184322596
968;-0.0020335535518825054;-0.006033182609826326;0.0;-0.004069176036864519
969;0.0;-0.006033182609826326;-0.0020181634463369846;0.0020345880184322596
970;0.0;-0.0020110609475523233;0.004036326892673969;0.0020345880184322596
971;0.0;0.0;-0.0020181634463369846;0.0
972;0.0020335535518825054;0.0;0.0;0.006103763822466135
973;0.0;0.0020110609475523233;0.0;-0.004069176036864519
974;0.004067107103765011;-0.0020110609475523233;-0.0020181634463369846;0.0
975;0.0;-0.006033182609826326;0.0;-0.0020345880184322596
976;0.004067107103765011;-0.004022121895104647;0.0;0.0020345880184322596
977;0.004067107103765011;-0.0020110609475523233;0.0020181634463369846;-0.0020345880184322596
978;-0.0020335535518825054;-0.006033182609826326;-0.0020181634463369846;-0.0020345880184322596
979;0.0;-0.004022121895104647;0.004036326892673969;0.004069176036864519
980;0.0;0.0020110609475523233;0.0020181634463369846;-0.004069176036864519
981;0.0061006611213088036;-0.0020110609475523233;0.006054490339010954;0.0
982;0.0020335535518825054;-0.0020110609475523233;-0.0020181634463369846;0.0
983;0.0;-0.004022121895104647;-0.004036326892673969;0.0
984;0.0020335535518825054;-0.006033182609826326;-0.0020181634463369846;-0.004069176036864519
985;0.004067107103765011;0.0;0.0;0.0020345880184322596
986;0.0020335535518825054;0.0;-0.006054490339010954;0.004069176036864519
987;0.004067107103765011;-0.004022121895104647;-0.004036326892673969;0.0020345880184322596
988;0.0;-0.004022121895104647;0.0020181634463369846;0.0020345880184322596
989;-0.0020335535518825054;-0.004022121895104647;0.0;0.0
990;0.0020335535518825054;0.0020110609475523233;0.004036326892673969;0.004069176036864519
991;0.004067107103765011;-0.004022121895104647;0.0;0.0020345880184322596
992;0.0020335535518825054;0.0;0.0020181634463369846;0.0
993;0.0061006611213088036;0.0;0.004036326892673969;-0.0020345880184322596
994;-0.0020335535518825054;-0.004022121895104647;0.0020181634463369846;0.0
995;0.0;0.0020110609475523233;0.004036326892673969;-0.006103763822466135
996;0.0020335535518825054;0.0;0.006054490339010954;0.0
997;0.004067107103765011;0.0;0.0020181634463369846;0.0020345880184322596
998;0.0061006611213088036;-0.0020110609475523233;0.0020181634463369846;0.0020345880184322596
999;0.0020335535518825054;-0.004022121895104647;0.0020181634463369846;-0.0020345880184322596
