#BEGINNING OF FILE,,,,,,
# Recording start time: 2021-11-09T16:30:45.439383,,,,,,
# ,,,,,,
#timestamp, rms ch1, std ch1, rms ch2, std ch2, sled power, sled power std
31:45.8,0.727352718,0.003408123,0.447657667,0.002235656,-0.020778601,0.001919093
32:45.9,0.728785656,0.00380826,0.448716781,0.002552368,-0.019946816,0.002176161
33:46.0,0.726633203,0.001733457,0.447151187,0.001171087,-0.021199496,0.000991901
34:46.2,0.72829299,0.002000436,0.448185558,0.001347244,-0.020276586,0.001155946
35:46.3,0.729200475,0.002494961,0.448753857,0.001672656,-0.019783308,0.001406242
36:46.4,0.728715378,0.003258202,0.448378443,0.002200248,-0.020129844,0.001871604
37:46.5,0.725347677,0.001893115,0.446009797,0.001276613,-0.022038171,0.001092457
38:46.6,0.727540745,0.003124467,0.447426613,0.002100739,-0.020820478,0.001768463
39:46.8,0.729118475,0.002807181,0.448434899,0.001886242,-0.019977162,0.001599966
40:46.9,0.726718009,0.003435604,0.446741133,0.002322994,-0.021343904,0.001964774
41:47.0,0.72682479,0.002593881,0.446797119,0.001742971,-0.021307894,0.001481257
42:47.1,0.727998168,0.002153396,0.447555192,0.001443639,-0.020698439,0.00122558
43:47.2,0.726027281,0.002747736,0.446202642,0.001846591,-0.021829469,0.001563961
44:47.4,0.729995618,0.002638645,0.448854104,0.001775416,-0.01966267,0.001502129
45:47.5,0.729061697,0.001769623,0.44815386,0.001193482,-0.020278409,0.001015665
46:47.6,0.731561707,0.001820008,0.44992299,0.001238191,-0.018914413,0.001060408
47:47.7,0.727982383,0.001769058,0.447641829,0.001208248,-0.020944268,0.001013553
48:47.8,0.730034296,0.001648265,0.449225841,0.001097322,-0.019811256,0.000944799
49:48.0,0.730916875,0.002043662,0.449835385,0.001410179,-0.019359479,0.001203854
50:48.1,0.728557849,0.002204723,0.448220751,0.001501488,-0.020688265,0.001273392
51:48.2,0.730863974,0.002197844,0.449848121,0.001479478,-0.019377453,0.001270091
52:48.3,0.726951962,0.002243394,0.447119026,0.00152308,-0.021634738,0.001276416
53:48.4,0.727722744,0.001891779,0.4475805,0.001289993,-0.021203375,0.001081994
54:48.6,0.729446412,0.002218965,0.448816313,0.001491625,-0.020270581,0.001265862
55:48.7,0.730094806,0.001368949,0.449323352,0.000919661,-0.019855461,0.00079192
56:48.8,0.730171603,0.001533534,0.449408231,0.001052141,-0.01981812,0.000900989
57:48.9,0.729657434,0.003296732,0.449054563,0.002206091,-0.020130269,0.001860257
58:49.0,0.728729403,0.002365693,0.448337818,0.001565755,-0.020676612,0.001314096
59:49.2,0.7300378,0.002606335,0.449153022,0.001746572,-0.02002252,0.001495943
00:49.3,0.729694964,0.001883796,0.449003725,0.00122798,-0.020221697,0.00104813
01:49.4,0.728798509,0.001358247,0.448440131,0.0009223,-0.020708214,0.000791422
02:49.5,0.72727916,0.002148882,0.447349467,0.001453194,-0.021578929,0.001229082
03:49.6,0.730260136,0.001859604,0.449321343,0.001248819,-0.019962432,0.001065904
04:49.8,0.729023315,0.001397796,0.448505086,0.000947039,-0.02065483,0.000809559
05:49.9,0.728880363,0.002313141,0.448426494,0.001554513,-0.020757674,0.001320561
06:50.0,0.729302223,0.001563341,0.448758003,0.001061909,-0.020514856,0.000889047
07:50.1,0.728535696,0.001597463,0.448292721,0.001086664,-0.020971371,0.000912128
08:50.2,0.729316395,0.002260391,0.448802009,0.00153048,-0.02051834,0.001272979
09:50.4,0.730467044,0.001479073,0.449587485,0.000990332,-0.019892674,0.000852751
10:50.5,0.728650425,0.001752388,0.448376655,0.001185021,-0.020882179,0.001007715
11:50.6,0.727492686,0.001858842,0.447639194,0.001255153,-0.021535074,0.001061356
12:50.7,0.732726932,0.002247731,0.451275524,0.00154239,-0.018533226,0.001304943
13:50.8,0.729468163,0.001367531,0.449172152,0.000923828,-0.020340751,0.000795785
14:51.0,0.72870649,0.001721116,0.448545757,0.001177053,-0.020788065,0.000988945
15:51.1,0.730023646,0.001696616,0.449375155,0.001147273,-0.020099346,0.000992186
16:51.2,0.72951763,0.002410515,0.449004515,0.001628758,-0.020423697,0.00138427
17:51.3,0.728982739,0.002753028,0.44861503,0.00187289,-0.020722489,0.001572744
18:51.4,0.729066847,0.001725333,0.448638192,0.001172631,-0.020699279,0.000986505
19:51.6,0.728484551,0.002789218,0.44820769,0.00188165,-0.021001302,0.00160228
20:51.7,0.730206839,0.002106737,0.449332922,0.001419018,-0.020056742,0.001208169
21:51.8,0.729403121,0.002913832,0.448860261,0.001979277,-0.020440569,0.001670666
22:51.9,0.730410134,0.003152648,0.449591333,0.002127302,-0.019867398,0.001800703
23:52.0,0.730478788,0.001815224,0.449708254,0.001227995,-0.019787645,0.001048444
24:52.2,0.730288936,0.001713078,0.449597914,0.001141499,-0.019908719,0.000969277
25:52.3,0.731223112,0.00209482,0.450279316,0.001402231,-0.019373768,0.001200626
26:52.4,0.729675772,0.002493206,0.449252561,0.00170551,-0.020220798,0.001440125
27:52.5,0.728149128,0.001810882,0.448099953,0.001215358,-0.021122652,0.001039513
28:52.6,0.729181299,0.002799278,0.448738197,0.001883756,-0.020613878,0.001580664
29:52.8,0.731995917,0.001352053,0.450628805,0.000906903,-0.019060364,0.00078452
30:52.9,0.730872021,0.001917402,0.449943867,0.001292794,-0.019666809,0.001100002
31:53.0,0.728349972,0.002304974,0.448226739,0.001558379,-0.021090876,0.001316412
32:53.1,0.730654213,0.002064045,0.449832214,0.001400726,-0.019766548,0.00119084
33:53.2,0.729970713,0.002854551,0.449399718,0.001910211,-0.020135117,0.001613121
34:53.4,0.729585633,0.002039618,0.449105682,0.001399151,-0.020363042,0.001183066
35:53.5,0.728598682,0.002299628,0.448413056,0.001546264,-0.020899666,0.001299322
36:53.6,0.731453636,0.002699552,0.450246011,0.001798871,-0.019376533,0.001520688
37:53.7,0.729148396,0.002551522,0.448707508,0.001703927,-0.02071828,0.001430686
38:53.8,0.730690286,0.003150744,0.449761062,0.002126429,-0.019822563,0.001816774
39:54.0,0.729849115,0.00147006,0.449231098,0.001011228,-0.0202542,0.000859845
40:54.1,0.728081599,0.002628527,0.448062269,0.001776247,-0.021239955,0.001502114
41:54.2,0.728272021,0.002996936,0.448357421,0.002052723,-0.020991759,0.001726284
42:54.3,0.730425615,0.002178217,0.449833932,0.0014698,-0.019791453,0.001250578
43:54.4,0.726979532,0.002787717,0.44761714,0.001886722,-0.021680451,0.00159983
44:54.6,0.729006806,0.00316901,0.448952352,0.002134325,-0.020588989,0.001808963
45:54.7,0.730433542,0.003215195,0.44983629,0.002168537,-0.019862726,0.001838425
46:54.8,0.731161727,0.002870693,0.450272114,0.001934363,-0.019500985,0.001650344
47:54.9,0.731033059,0.002543405,0.450134097,0.001712404,-0.019604996,0.001436843
48:55.0,0.731852923,0.001644474,0.450668014,0.001110226,-0.019125285,0.000945614
49:55.2,0.728694688,0.002911968,0.448513511,0.001946673,-0.02088696,0.001638382
50:55.3,0.732462163,0.002370265,0.450979492,0.001596309,-0.018814595,0.001376858
51:55.4,0.730289328,0.004029518,0.449507807,0.00271966,-0.020068371,0.002308331
52:55.5,0.727189882,0.002757883,0.447436902,0.001860485,-0.021756463,0.001574202
53:55.6,0.728487961,0.003618821,0.448329984,0.002437161,-0.02100813,0.00205746
54:55.8,0.727239351,0.003330975,0.447470148,0.002236384,-0.021781104,0.001871515
55:55.9,0.727806011,0.003324508,0.447830584,0.002239131,-0.021447705,0.001895283
56:56.0,0.72797318,0.001608643,0.447962463,0.001065684,-0.021357077,0.000909926
57:56.1,0.729039824,0.001562485,0.448587541,0.001052553,-0.020828128,0.000894639
58:56.2,0.731832129,0.002109571,0.450541206,0.001421626,-0.019239169,0.001213308
59:56.4,0.729544357,0.003029683,0.449027157,0.002046841,-0.020513441,0.001727183
00:56.5,0.729770218,0.002233515,0.449127829,0.001512562,-0.020383871,0.001273219
01:56.6,0.729333142,0.002137512,0.448825676,0.001442987,-0.020714339,0.001220476
02:56.7,0.729716667,0.001824884,0.449086554,0.001217357,-0.020477245,0.001037479
03:56.8,0.729787803,0.002208638,0.44919365,0.001491956,-0.020376833,0.001271283
04:57.0,0.728933911,0.001337754,0.448618751,0.00090592,-0.020866014,0.000769428
05:57.1,0.730142561,0.001216978,0.449489032,0.000825733,-0.020177475,0.000705455
06:57.2,0.730243213,0.002635583,0.449655687,0.001749185,-0.020052097,0.001486674
07:57.3,0.729338993,0.002454719,0.448993296,0.001628463,-0.020551714,0.001376308
08:57.4,0.729901892,0.002196781,0.449221326,0.001493541,-0.02035983,0.001262532
09:57.6,0.730653593,0.00203167,0.449722744,0.001362734,-0.019951345,0.00116481
10:57.7,0.730160347,0.002120571,0.449397227,0.001425186,-0.020195034,0.001208972
11:57.8,0.728919229,0.001715855,0.448577479,0.001149599,-0.020919364,0.000957391
12:57.9,0.730084673,0.002099066,0.449393548,0.00142387,-0.020246301,0.001199427
13:58.0,0.728008143,0.002697062,0.448022299,0.001812756,-0.021400194,0.001526114
14:58.2,0.7281451,0.002035248,0.448218937,0.001377523,-0.02124453,0.001162707
15:58.5,0.728691121,0.003616077,0.448542563,0.002445956,-0.020997147,0.002075186
16:58.6,0.729710758,0.003346329,0.449104879,0.002230443,-0.020519776,0.00188495
17:58.7,0.730205489,0.002846519,0.449424199,0.00191781,-0.020264018,0.001635576
18:58.8,0.728824872,0.002081183,0.448484134,0.00140354,-0.021047237,0.001189416
19:58.9,0.72765358,0.00241957,0.447717613,0.00163147,-0.021665001,0.001362913
20:59.1,0.730544382,0.001970098,0.449657444,0.001333732,-0.020028881,0.001106182
21:59.4,0.727847295,0.00219686,0.447856645,0.00148597,-0.021580577,0.001254024
22:59.5,0.72973384,0.003253577,0.44916264,0.00219591,-0.02051605,0.001865335
23:59.6,0.72885956,0.002831712,0.448595789,0.001928964,-0.020955032,0.001621395
24:59.7,0.730352128,0.001857742,0.449675814,0.001230364,-0.02010943,0.00104324
25:59.8,0.729080676,0.00190602,0.448996931,0.00129375,-0.020676749,0.001098491
27:00.1,0.730673835,0.002769355,0.450189921,0.001872253,-0.019708285,0.001590197
28:00.4,0.732515209,0.003495857,0.451440144,0.002363956,-0.018669948,0.002036102
29:00.6,0.73008624,0.001474199,0.449732111,0.000999331,-0.020085563,0.000851528
30:00.7,0.730109938,0.001966485,0.449559923,0.001319524,-0.020206378,0.001124899
31:00.8,0.731854254,0.001653624,0.450636949,0.0011132,-0.019332245,0.000950243
32:00.9,0.730785081,0.00226702,0.44993067,0.001537365,-0.019883494,0.001301356
33:01.2,0.732231247,0.001634141,0.450897888,0.00110456,-0.019100159,0.000942689
34:01.3,0.729237303,0.003849839,0.448864126,0.002605203,-0.020737138,0.002208027
35:01.5,0.728970944,0.003526803,0.448759414,0.002353045,-0.02086527,0.001995713
36:01.6,0.729053625,0.003769294,0.448907567,0.002542532,-0.020712646,0.002155039
37:01.7,0.72866656,0.003538255,0.448640158,0.002382905,-0.020911311,0.002014238
38:01.8,0.726315449,0.002620036,0.447000698,0.001769687,-0.022311904,0.001471412
39:02.1,0.731574742,0.002092181,0.45049388,0.001413412,-0.01941406,0.001214504
40:02.2,0.72876351,0.003491913,0.448615392,0.002351837,-0.020974498,0.001980308
41:02.4,0.728534504,0.002972955,0.448486246,0.002007464,-0.021067707,0.001693611
42:02.5,0.73102498,0.002003086,0.450215102,0.001354342,-0.019677306,0.001160151
43:02.6,0.727839842,0.003734254,0.448097333,0.002511094,-0.021406267,0.002111984
44:02.9,0.731737504,0.002588983,0.450808549,0.001773368,-0.019183361,0.001492906
45:03.2,0.730833824,0.001446543,0.450207059,0.001023146,-0.019685914,0.000836044
46:03.3,0.729003797,0.003002015,0.448596769,0.002006402,-0.020747854,0.001687807
47:03.4,0.73117552,0.003133863,0.450065949,0.002113235,-0.019557355,0.001790029
48:03.6,0.730300795,0.002657318,0.449418351,0.001789219,-0.020123112,0.001517234
49:03.7,0.729932317,0.002629351,0.449198483,0.001781458,-0.02027177,0.001505788
50:04.0,0.731298185,0.001705231,0.450030252,0.001149192,-0.019576545,0.000981714
51:04.1,0.731227091,0.002945827,0.449970044,0.001993539,-0.019641118,0.001691072
52:04.2,0.730826049,0.003499887,0.449697291,0.002355401,-0.019838957,0.002003984
53:04.3,0.731315254,0.001474072,0.449986086,0.000999229,-0.019604911,0.000857599
54:04.5,0.729548846,0.001996418,0.448855637,0.001353621,-0.020534706,0.001156753
55:04.6,0.727534509,0.003088113,0.447528557,0.002090982,-0.021599456,0.001773979
56:04.7,0.728989212,0.003660563,0.448558135,0.002472854,-0.020772383,0.002093387
57:04.8,0.730042995,0.002684915,0.449281879,0.00180636,-0.020204693,0.001544843
58:04.9,0.730363057,0.00479034,0.449534508,0.003225557,-0.019981643,0.002724771
59:05.1,0.73121733,0.002380317,0.450134391,0.001619971,-0.019454524,0.001358696
00:05.2,0.729471445,0.003033342,0.448966634,0.002052937,-0.020476768,0.001738746
01:05.3,0.729726897,0.003120148,0.449084008,0.002114132,-0.020376276,0.001789323
02:05.4,0.730797416,0.003452469,0.449798254,0.002330527,-0.019768204,0.001977934
03:05.5,0.730816282,0.003368263,0.449894579,0.002247783,-0.019783588,0.001902109
04:05.7,0.728490955,0.003218607,0.448389818,0.002168683,-0.021014743,0.001829995
05:05.8,0.729392146,0.003871307,0.448944566,0.002613644,-0.020570515,0.002224137
06:06.1,0.730490647,0.003206399,0.449728117,0.002152971,-0.019947799,0.001827794
07:06.2,0.729021464,0.003997303,0.448858998,0.002671941,-0.020681374,0.002244497
08:06.3,0.729381791,0.003468288,0.44923045,0.002346257,-0.020347428,0.001985303
09:06.4,0.728831618,0.002740743,0.448974856,0.001841465,-0.020609627,0.001568541
10:06.6,0.730790091,0.003689711,0.450380493,0.002490254,-0.019469812,0.002108735
11:06.7,0.72907074,0.002491292,0.449230361,0.001685481,-0.020400349,0.001425069
12:06.8,0.729517578,0.00329311,0.449511487,0.002218357,-0.020153589,0.001878888
13:06.9,0.728301047,0.003506611,0.448608,0.002393265,-0.020905106,0.002004738
14:07.0,0.729409055,0.00188463,0.449343139,0.001274375,-0.020291951,0.001083769
15:07.2,0.72955904,0.001396056,0.449429697,0.000940375,-0.020225966,0.00080974
16:07.3,0.728498077,0.002456482,0.448726188,0.001649528,-0.020803868,0.001395543
17:07.4,0.730365899,0.002312066,0.449981476,0.00155265,-0.019715928,0.001327287
18:07.5,0.72978424,0.003507422,0.44952288,0.002380249,-0.02011984,0.002009634
19:07.6,0.731087121,0.002540015,0.450292835,0.001692762,-0.019501225,0.001430872
20:07.8,0.728713161,0.002956997,0.448568315,0.001983097,-0.020949333,0.001684428
21:07.9,0.729124006,0.003344864,0.448770584,0.002262298,-0.020727932,0.001913214
22:08.0,0.729277533,0.002081818,0.448825958,0.001406472,-0.020675022,0.001194935
23:08.1,0.728933469,0.002049716,0.448574456,0.001376954,-0.020901894,0.001170908
24:08.2,0.728180651,0.002781822,0.448123933,0.001878231,-0.021285354,0.001588224
25:08.4,0.728970572,0.002870862,0.448672856,0.001928022,-0.020832099,0.001634556
26:08.5,0.729089974,0.003691729,0.448740592,0.002477657,-0.020746803,0.002075361
27:08.6,0.728097143,0.003044831,0.448100715,0.002068695,-0.021327069,0.001743179
28:08.7,0.727936309,0.002695916,0.448057467,0.001800349,-0.021354252,0.001517242
29:08.8,0.730012711,0.002104219,0.44956026,0.001410863,-0.020132195,0.001208955
30:09.0,0.731598621,0.002557203,0.450589332,0.001720435,-0.019282706,0.001466467
31:09.1,0.730445094,0.002930638,0.449679582,0.001986412,-0.020017952,0.001682823
32:09.2,0.728875264,0.003849443,0.448589047,0.00259905,-0.020916401,0.002181724
33:09.3,0.730241769,0.003500887,0.449493467,0.002349357,-0.020147322,0.001987787
34:09.4,0.727698269,0.003379374,0.44778568,0.002271725,-0.021535621,0.00190899
35:09.6,0.727945044,0.00387578,0.447956275,0.002619225,-0.021389681,0.002208225
36:09.7,0.731021697,0.002029411,0.450094285,0.001360107,-0.019681699,0.001168919
37:09.8,0.730855314,0.00429672,0.44997601,0.002888734,-0.019760671,0.002453186
38:09.9,0.728600479,0.002230891,0.448414337,0.001513648,-0.02105673,0.001274125
39:10.0,0.731313425,0.002191995,0.450271686,0.001447042,-0.019507716,0.00123814
40:10.2,0.730674064,0.001954377,0.449975645,0.001306825,-0.019775284,0.001119846
41:10.3,0.730662049,0.001837956,0.450033649,0.001241436,-0.019762679,0.001066419
42:10.4,0.728109166,0.003417744,0.448340692,0.002314598,-0.02116312,0.001949436
43:10.5,0.730409662,0.001719103,0.449800184,0.001175876,-0.019948272,0.001011146
44:10.6,0.730419111,0.003117489,0.449719119,0.002105361,-0.020022996,0.001792243
45:10.8,0.728193799,0.002212629,0.448155414,0.001480174,-0.02127206,0.001260394
46:10.9,0.729572971,0.003201584,0.449055555,0.002165391,-0.020518679,0.001834648
47:11.0,0.731327585,0.00194744,0.450313724,0.001319393,-0.01947564,0.001132475
48:11.1,0.728422224,0.002852126,0.448447097,0.001913046,-0.021043479,0.001613227
49:11.2,0.727218804,0.002986839,0.447653745,0.002013226,-0.021665957,0.001694421
50:11.4,0.728559938,0.003385761,0.448452268,0.002306827,-0.021015856,0.001945921
51:11.7,0.730345078,0.002952099,0.449615497,0.001996679,-0.020008242,0.00169367
52:11.8,0.729820859,0.002094388,0.44936036,0.001423904,-0.02023803,0.001179418
53:11.9,0.729789384,0.002274414,0.449386557,0.001533822,-0.020113827,0.001310208
54:12.0,0.727877042,0.003186098,0.448167249,0.00214474,-0.021124747,0.001805618
55:12.1,0.728816319,0.003268306,0.448872594,0.002208346,-0.020537316,0.001865317
56:12.3,0.730352536,0.00294941,0.449907562,0.001997757,-0.019708818,0.001693224
57:12.6,0.72920153,0.001654319,0.449081577,0.001116355,-0.020403087,0.000947995
58:12.7,0.728330944,0.002314969,0.448317218,0.001590296,-0.021039052,0.00132956
59:12.8,0.731335559,0.001594246,0.450172026,0.001066713,-0.019466714,0.000910727
00:12.9,0.730864151,0.002321663,0.449807272,0.00157551,-0.019823482,0.00133411
01:13.0,0.728336495,0.005167014,0.448129218,0.00350884,-0.021204556,0.002932205
02:13.2,0.72834985,0.002154488,0.448109581,0.00145499,-0.021183905,0.001200339
03:13.3,0.732079044,0.003129583,0.450605742,0.002115491,-0.019156866,0.001793601
04:13.4,0.728267582,0.002606743,0.448053367,0.001755015,-0.021274071,0.001477363
05:13.5,0.729121188,0.004424631,0.448641773,0.002983553,-0.020744057,0.002503361
06:13.6,0.731627287,0.003071404,0.45036627,0.002060977,-0.019362887,0.001750813
07:13.8,0.730884588,0.002455976,0.449871443,0.001649689,-0.019788504,0.001399583
08:13.9,0.729675128,0.003479936,0.449076563,0.002361061,-0.020403467,0.001992497
09:14.0,0.729342004,0.003131443,0.448978677,0.002107869,-0.020506803,0.001774134
10:14.1,0.728679965,0.002307103,0.448617398,0.001555743,-0.020809165,0.00131239
11:14.2,0.72989716,0.002326842,0.449437047,0.001562934,-0.020166961,0.001334675
12:14.5,0.728285438,0.003178537,0.44836852,0.002134598,-0.021023853,0.001792537
13:14.7,0.730547532,0.001774793,0.449769511,0.00120747,-0.019899781,0.001032984
14:14.8,0.729598698,0.002696442,0.449014169,0.001807929,-0.020497484,0.001533576
15:14.9,0.729622949,0.003410763,0.44903401,0.002300585,-0.020502066,0.00193327
16:15.0,0.729310443,0.00263863,0.448895957,0.001791391,-0.020597822,0.001515699
17:15.1,0.730596831,0.003248913,0.449888398,0.002171864,-0.019801978,0.001860344
18:15.4,0.72855828,0.002804389,0.448570046,0.001889754,-0.020831653,0.001607706
19:15.6,0.729376931,0.002926766,0.449153407,0.001977548,-0.020339783,0.001681489
20:15.7,0.731716175,0.002318979,0.45069231,0.001574996,-0.019064392,0.001342334
21:15.8,0.728326357,0.002988202,0.44819383,0.001989335,-0.021101008,0.001689773
22:15.9,0.727399357,0.004104191,0.447456802,0.00277653,-0.021706503,0.002336085
23:16.2,0.729277013,0.003260001,0.44871075,0.002200294,-0.020634853,0.001859081
24:16.5,0.729175184,0.00334136,0.448670449,0.002255392,-0.020698392,0.001911349
25:16.6,0.730173877,0.003488322,0.449418909,0.002368772,-0.020071886,0.001987386
26:16.8,0.729630858,0.002901167,0.449008063,0.001980576,-0.020461901,0.001670639
27:16.9,0.729721255,0.003203103,0.448986168,0.002154696,-0.02044626,0.001825071
28:17.0,0.728391363,0.003645996,0.448108954,0.002459827,-0.021196772,0.002067383
29:17.3,0.730780748,0.00172783,0.449707435,0.001166652,-0.019863726,0.001008524
30:17.6,0.72913191,0.002177272,0.448590086,0.001481112,-0.020751157,0.001243808
31:17.7,0.730087725,0.002816189,0.449261036,0.00189904,-0.020190215,0.001602663
32:17.8,0.728667974,0.002952112,0.448322436,0.001992463,-0.020989992,0.001688196
33:18.0,0.73023392,0.002156476,0.44944701,0.001456529,-0.020043304,0.001241382
34:18.1,0.730953143,0.003197437,0.449959259,0.00215132,-0.019633487,0.001838828
35:18.4,0.7301255,0.003362844,0.449472259,0.002261972,-0.020043473,0.001909729
36:18.5,0.731615744,0.002286719,0.450483423,0.00155691,-0.019174839,0.001318775
37:18.6,0.729651739,0.002785204,0.448978247,0.00189206,-0.020423941,0.00160701
38:18.7,0.730895151,0.003296901,0.449782826,0.002223068,-0.019738101,0.001897158
39:18.9,0.729456443,0.002725917,0.448812918,0.001836492,-0.020565202,0.001548173
40:19.0,0.728524182,0.002442283,0.448197493,0.001648095,-0.021050078,0.00139315
41:19.1,0.728519925,0.003282707,0.448138966,0.002218527,-0.021041636,0.001880933
42:19.2,0.729942275,0.003679498,0.449126488,0.002425643,-0.020224628,0.002052538
43:19.3,0.727894455,0.003661302,0.447886182,0.002481922,-0.021189159,0.002078301
44:19.5,0.728309243,0.002791847,0.448194392,0.001876156,-0.020971951,0.0015956
45:19.6,0.729347379,0.002276845,0.448816751,0.001530006,-0.020473306,0.001305559
46:19.7,0.728233349,0.003580279,0.447922018,0.002419855,-0.021195168,0.002043213
47:19.8,0.730316517,0.003510822,0.449280509,0.002367394,-0.020004324,0.002016298
48:19.9,0.727662696,0.003642279,0.447490407,0.002457949,-0.021541524,0.002080542
49:20.1,0.729874997,0.00315362,0.449007504,0.002124457,-0.020325643,0.001815677
50:20.2,0.730041318,0.003844492,0.449132982,0.002597911,-0.020192953,0.002193389
51:20.3,0.731287438,0.002012194,0.449950366,0.001353769,-0.019548117,0.00116135
52:20.4,0.730350672,0.002469432,0.449410374,0.001667589,-0.019995809,0.001429915
53:20.5,0.729350279,0.003291848,0.448688894,0.002232118,-0.020601192,0.001884004
54:20.7,0.730303914,0.002573131,0.449315775,0.001736475,-0.020034151,0.001469276
55:20.8,0.728310832,0.00392029,0.447994731,0.002641134,-0.021143777,0.002242743
56:20.9,0.72875287,0.004593971,0.448300535,0.00309963,-0.020884856,0.002627912
57:21.0,0.729664801,0.002344734,0.448935639,0.00157813,-0.020360881,0.00134881
58:21.1,0.730067337,0.00360375,0.449121511,0.002446144,-0.020209136,0.002068695
59:21.3,0.728738355,0.003239913,0.448252246,0.002184631,-0.020924093,0.00185737
00:21.4,0.728062751,0.002166945,0.447823792,0.001480878,-0.021271045,0.001252433
01:21.5,0.728084216,0.002908859,0.447981983,0.001960367,-0.021127256,0.001661122
02:21.6,0.728468724,0.002615928,0.448326953,0.001762389,-0.020867764,0.001508075
03:21.7,0.727736046,0.003211684,0.447767451,0.00217411,-0.021303536,0.001840534
04:21.9,0.728036315,0.003642456,0.44778174,0.002452314,-0.021265415,0.002065831
05:22.0,0.730077219,0.002979724,0.449173464,0.00201019,-0.020133205,0.001715928
06:22.1,0.730544444,0.004297251,0.449483592,0.002883308,-0.019866689,0.002454469
07:22.2,0.728779153,0.003200962,0.448252972,0.002157597,-0.020886767,0.001833565
08:22.3,0.728259175,0.003881274,0.447929827,0.002617794,-0.021174059,0.002217395
09:22.5,0.729085921,0.002963711,0.448480393,0.002004208,-0.020714645,0.001696877
10:22.6,0.728488599,0.004047504,0.448179763,0.002702183,-0.021006037,0.002264572
11:22.7,0.729072988,0.002054449,0.44867988,0.00139131,-0.020569137,0.001176706
12:22.8,0.727741549,0.003960809,0.447754028,0.002664916,-0.02134398,0.002251001
13:22.9,0.729526896,0.002794329,0.44890341,0.001875505,-0.020354299,0.001589413
14:23.1,0.729978461,0.002833312,0.449177842,0.001920635,-0.020137633,0.001634599
15:23.2,0.728711965,0.004360593,0.44831759,0.002934856,-0.020844664,0.002473252
16:23.3,0.728535278,0.0047352,0.448159465,0.003185443,-0.020966752,0.002703083
17:23.4,0.72971749,0.002602054,0.44887833,0.001750422,-0.020418423,0.001494513
18:23.5,0.729701783,0.002552494,0.448895612,0.00171894,-0.020384628,0.001459793
19:23.7,0.729258845,0.003741423,0.448608393,0.002525892,-0.020623931,0.0021402
20:23.8,0.72867109,0.003030786,0.44823592,0.002043444,-0.020919452,0.00173289
21:23.9,0.72829908,0.00376205,0.44801168,0.002535375,-0.02110335,0.002159576
22:24.0,0.729172219,0.002869481,0.448629652,0.001929721,-0.020605666,0.001636556
23:24.1,0.72840343,0.002794977,0.448115103,0.001897688,-0.021027265,0.001614025
24:24.3,0.729190112,0.003334898,0.448797532,0.002256342,-0.020462102,0.001904517
25:24.6,0.727167697,0.004408943,0.44752717,0.002982764,-0.021534813,0.002499124
26:24.7,0.728444232,0.003179253,0.448504963,0.002135658,-0.020751379,0.001818051
27:24.8,0.728911396,0.004482232,0.448901797,0.003030617,-0.020377861,0.00256154
28:24.9,0.72897438,0.003100855,0.448976189,0.002091048,-0.020375021,0.001773009
29:25.0,0.729299794,0.003089645,0.449215464,0.002085525,-0.020180652,0.001773266
30:25.2,0.726077305,0.002664038,0.447037822,0.001795175,-0.021958664,0.001520111
31:25.5,0.730328742,0.002806359,0.449905442,0.001892732,-0.019618212,0.001618318
32:25.6,0.725464373,0.003254663,0.446609423,0.002198668,-0.022308943,0.001857367
33:25.7,0.728778331,0.00310621,0.448853808,0.002095089,-0.020474881,0.001787797
34:25.8,0.728772147,0.00218154,0.448845551,0.001474955,-0.020480506,0.001248069
35:25.9,0.730291605,0.004474192,0.449883962,0.003018515,-0.019632615,0.002557157
36:26.1,0.72928856,0.002635404,0.449207348,0.001780623,-0.020207908,0.001520738
37:26.2,0.726517952,0.003359571,0.447318637,0.002269088,-0.021726448,0.001920125
38:26.3,0.727272642,0.003028586,0.447833311,0.002041421,-0.021335335,0.001722424
39:26.4,0.728600207,0.00243092,0.448748325,0.001638669,-0.020564982,0.001399729
40:26.5,0.729360598,0.003398764,0.449242503,0.002292848,-0.020122755,0.001944418
41:26.8,0.731285999,0.003344991,0.45052534,0.002256165,-0.019071779,0.001922935
42:27.1,0.727984683,0.003605386,0.44826965,0.002428208,-0.020914579,0.002065789
43:27.3,0.729997805,0.002948731,0.449654554,0.001989543,-0.019775934,0.001691414
44:27.4,0.728227887,0.003607191,0.448506746,0.002433451,-0.020759073,0.002082946
45:27.5,0.728281397,0.004498833,0.44854253,0.00303389,-0.020679656,0.00253061
46:27.6,0.72804356,0.003156264,0.448377452,0.002128468,-0.020872573,0.001812558
47:27.7,0.728510182,0.003470295,0.448683942,0.002340044,-0.020617502,0.001998437
48:27.9,0.725738666,0.003743299,0.44676573,0.002532038,-0.022194353,0.002118782
49:28.0,0.726623448,0.004222185,0.44732993,0.002854347,-0.021682034,0.002418288
50:28.1,0.730715172,0.003671473,0.450126731,0.002477615,-0.019443239,0.002116797
51:28.2,0.729554656,0.0040365,0.449380313,0.002726703,-0.020056467,0.00231078
52:28.3,0.731777379,0.002621166,0.450802142,0.001773897,-0.018857658,0.001522071
53:28.5,0.728598365,0.003403458,0.448496192,0.002289539,-0.020787285,0.001948769
54:28.6,0.730742316,0.002621121,0.449830174,0.001764315,-0.019667824,0.001499481
55:28.7,0.73003502,0.003046738,0.449402164,0.002052557,-0.020069855,0.001753628
56:28.8,0.729727686,0.003045726,0.449330818,0.002080826,-0.020110714,0.001754459
57:28.9,0.728981402,0.003391543,0.448940361,0.002289561,-0.020454378,0.001946526
58:29.1,0.731271685,0.003128928,0.4504913,0.002109992,-0.0191661,0.001802429
59:29.2,0.729678306,0.00267708,0.449432148,0.001805284,-0.020034719,0.001532683
00:29.3,0.728298562,0.003172604,0.448519386,0.002144487,-0.020795381,0.001819556
01:29.4,0.729506506,0.002496139,0.449368224,0.001684115,-0.020087405,0.001435195
02:29.5,0.729390243,0.004709011,0.449283108,0.003176224,-0.020141078,0.002710026
03:29.8,0.729949429,0.003687258,0.449634182,0.002490978,-0.019859396,0.00210766
04:30.0,0.726388847,0.003696626,0.447255924,0.002492801,-0.021797673,0.002099848
05:30.1,0.727890348,0.004367663,0.448252835,0.002948933,-0.0209661,0.00250277
06:30.2,0.72847172,0.003670132,0.44864752,0.002478804,-0.020621671,0.002116326
07:30.3,0.730048767,0.002547791,0.449734829,0.001721058,-0.019747083,0.001473626
08:30.6,0.730173974,0.002540207,0.449812496,0.001714437,-0.019697547,0.001465314
09:30.7,0.728177071,0.003651081,0.448485459,0.002465576,-0.020779069,0.002083694
10:30.9,0.730401402,0.004131061,0.449996553,0.002785219,-0.01952523,0.002371584
11:31.0,0.727411501,0.003906356,0.44795495,0.002636908,-0.021232406,0.002231222
12:31.1,0.726641317,0.004877257,0.447415367,0.003287424,-0.021597776,0.002768655
13:31.2,0.729312644,0.004363903,0.449228495,0.00294106,-0.020147951,0.002503569
14:31.3,0.729547052,0.003392656,0.449398264,0.002285795,-0.019975115,0.001944249
15:31.5,0.728221096,0.002902405,0.44848471,0.001958059,-0.020732411,0.001675829
16:31.6,0.728957673,0.004847868,0.448977994,0.003270508,-0.020289744,0.002789285
17:31.7,0.729373881,0.004306301,0.449250988,0.002906185,-0.020130688,0.002451426
18:31.8,0.729906495,0.003513682,0.449587905,0.00236418,-0.019785555,0.002001433
19:31.9,0.727411964,0.00289412,0.447872484,0.001954707,-0.021242875,0.001642553
20:32.1,0.730890333,0.002885753,0.450198754,0.001942887,-0.019265866,0.001665049
21:32.2,0.729696238,0.003738285,0.44937247,0.002524603,-0.019957407,0.002128469
22:32.3,0.729234862,0.002215747,0.449053878,0.001491782,-0.02021422,0.001276016
23:32.4,0.728315657,0.003124282,0.448428798,0.002103183,-0.020733548,0.001792736
24:32.5,0.729097664,0.004313458,0.448966455,0.002907842,-0.020253571,0.002480524
25:32.7,0.729872028,0.002710145,0.449468061,0.001826498,-0.019871965,0.001557386
26:32.8,0.730134562,0.004272352,0.44961769,0.002884897,-0.019735304,0.00242272
27:32.9,0.727062206,0.004511307,0.447541795,0.003044832,-0.021404188,0.002560368
28:33.0,0.727878709,0.002974139,0.448098356,0.002007968,-0.020904088,0.001673728
29:33.1,0.726668307,0.003032774,0.447275199,0.002046273,-0.021626139,0.001740961
30:33.3,0.728418077,0.002930135,0.448441019,0.00197714,-0.020644754,0.001688282
31:33.4,0.728261434,0.003512211,0.448312925,0.002373485,-0.020779849,0.002015554
32:33.5,0.730969058,0.002758427,0.450108004,0.001868749,-0.019269208,0.001594788
33:33.8,0.727639548,0.003105901,0.447841745,0.00209133,-0.02114368,0.001771796
34:33.9,0.728704007,0.003204233,0.44884808,0.002132101,-0.020564947,0.001836552
35:34.0,0.728645659,0.00314673,0.448848266,0.002127435,-0.020580999,0.001804611
36:34.2,0.730257444,0.003516387,0.44994997,0.0023722,-0.019685821,0.002023016
37:34.3,0.728483445,0.004465166,0.448756148,0.003006443,-0.020654072,0.002541435
38:34.4,0.728600218,0.002553162,0.44883297,0.001725415,-0.020590135,0.001462977
39:34.7,0.728415892,0.002930611,0.448688125,0.001979463,-0.020727523,0.001664462
40:34.8,0.729191557,0.00216391,0.449112282,0.001452855,-0.020346254,0.001238711
41:34.9,0.728279067,0.003258559,0.448427536,0.002192547,-0.020941227,0.001864935
42:35.1,0.730469995,0.002057768,0.449874129,0.001392995,-0.019735132,0.001179423
43:35.2,0.729443384,0.003042757,0.449250483,0.002057834,-0.020298834,0.001756061
44:35.5,0.727892231,0.003272058,0.448314515,0.002210199,-0.021042079,0.001883965
45:35.8,0.730553924,0.003172043,0.450147783,0.002141531,-0.019504243,0.001823102
46:35.9,0.732521859,0.003002899,0.451482681,0.002026445,-0.018412231,0.001744094
47:36.0,0.728155222,0.002870498,0.448546154,0.001939307,-0.020831456,0.001654615
48:36.1,0.72851725,0.0034116,0.448790363,0.002303136,-0.020630025,0.00195768
49:36.3,0.72795205,0.003236972,0.448396785,0.002186098,-0.020918092,0.001856567
50:36.4,0.726616407,0.004500028,0.447490608,0.003035974,-0.021671869,0.002549293
51:36.5,0.729673937,0.003094688,0.449557127,0.002086484,-0.019924526,0.001776245
52:36.6,0.730531403,0.002955841,0.450145463,0.001992432,-0.019486678,0.001713671
53:36.7,0.728821073,0.004504047,0.448984638,0.003031298,-0.020383597,0.002573963
54:36.9,0.729408973,0.002755563,0.449365923,0.001858586,-0.020115776,0.001582525
55:37.0,0.729541416,0.003108394,0.449461708,0.002104401,-0.020019821,0.001782696
56:37.1,0.72814328,0.003264694,0.448539005,0.002202838,-0.020844753,0.001868739
57:37.2,0.727822579,0.003103594,0.448322113,0.002093052,-0.021022645,0.001778551
58:37.3,0.732061382,0.002560542,0.451181687,0.001727264,-0.018614725,0.001471625
59:37.5,0.728194363,0.003562751,0.448562697,0.002406833,-0.020801246,0.002036534
00:37.6,0.727565047,0.002691714,0.448124638,0.001815243,-0.021118543,0.001546132
01:37.7,0.730639022,0.003008037,0.450152197,0.002041836,-0.019458881,0.001741475
02:37.8,0.731510387,0.002698216,0.450623017,0.00182757,-0.019081234,0.001566539
03:37.9,0.727866508,0.002872049,0.448132939,0.001941618,-0.02114304,0.001644115
04:38.1,0.728809166,0.002549309,0.448684454,0.001725618,-0.020683537,0.001466124
05:38.2,0.729880086,0.00335921,0.449281572,0.002276956,-0.020206242,0.001947456
06:38.3,0.730925496,0.004077631,0.449965799,0.002739601,-0.019631558,0.002341925
07:38.4,0.731364285,0.003163267,0.450290891,0.002134922,-0.0193511,0.001818569
08:38.5,0.729305091,0.002223522,0.448870064,0.001493889,-0.020538149,0.001280039
09:38.7,0.731516676,0.003471371,0.450328455,0.002333162,-0.019342068,0.001977491
10:38.8,0.731246061,0.002224766,0.450116953,0.001500085,-0.019519196,0.001293888
11:38.9,0.72727237,0.003443277,0.447393173,0.002323503,-0.021736559,0.00198561
12:39.0,0.7295359,0.0022969,0.448883619,0.001547592,-0.020512371,0.001314985
13:39.1,0.728844378,0.004225361,0.448422864,0.002847014,-0.020898272,0.002420979
14:39.3,0.730938627,0.003138153,0.449829935,0.002111436,-0.019720756,0.00178544
15:39.4,0.731230389,0.002469762,0.4500495,0.00166653,-0.019587054,0.00142497
16:39.5,0.730197844,0.002238045,0.449355246,0.001511325,-0.020172286,0.001271979
17:39.6,0.729095391,0.003598902,0.448611064,0.002426108,-0.020764053,0.002054366
18:39.7,0.729801305,0.003768362,0.449109907,0.002534514,-0.020367158,0.002136378
19:39.9,0.728015006,0.004325932,0.447916993,0.002922043,-0.021314112,0.002466285
20:40.0,0.730010068,0.002318769,0.449309606,0.001554369,-0.020201115,0.001319243
21:40.3,0.729053772,0.003540714,0.44872112,0.002381985,-0.020695062,0.002016103
22:40.4,0.730525926,0.003187645,0.44980164,0.002161536,-0.019769813,0.001805001
23:40.5,0.728591882,0.003100577,0.448539122,0.002096391,-0.020847358,0.001758324
24:40.6,0.730464832,0.004098499,0.449766413,0.002728246,-0.019754671,0.002324128
25:40.8,0.727348092,0.004197349,0.447536614,0.002833054,-0.021611845,0.002382046
26:40.9,0.728159151,0.003074263,0.448100323,0.00207442,-0.021142199,0.001732548
27:41.0,0.730835034,0.003523819,0.449827142,0.002398364,-0.019761365,0.002035063
28:41.1,0.730988014,0.002959125,0.449879719,0.002000335,-0.019662966,0.001713933
29:41.2,0.73067256,0.002997324,0.449690046,0.002001182,-0.019843656,0.001709723
30:41.4,0.729355211,0.00538174,0.448869865,0.003611758,-0.020493543,0.003028521
31:41.5,0.728803443,0.004341842,0.448458004,0.002947683,-0.020836822,0.002486293
32:41.6,0.728825075,0.002516054,0.448359365,0.00170022,-0.020923807,0.001442738
33:41.7,0.729149693,0.004652564,0.448568584,0.003136062,-0.020722626,0.002662307
34:41.8,0.729500388,0.00377643,0.448807934,0.002550849,-0.020528602,0.002166902
35:42.0,0.729433099,0.002518137,0.44875963,0.001697009,-0.020540335,0.001410887
36:42.1,0.73000007,0.003249277,0.449163912,0.002188287,-0.020225892,0.001870095
37:42.2,0.730396714,0.003134064,0.449392249,0.002117566,-0.020058074,0.001803557
38:42.3,0.730164039,0.003722487,0.449212013,0.002508569,-0.020193715,0.002135933
39:42.4,0.72798386,0.003833389,0.447761505,0.002594932,-0.021355348,0.002182365
40:42.6,0.72739149,0.0043567,0.447384194,0.002936511,-0.021727767,0.002478259
41:42.7,0.730655797,0.00358605,0.449585524,0.002414617,-0.019854467,0.002067444
42:42.8,0.730896379,0.002877091,0.449748634,0.00194152,-0.019737163,0.001663852
43:42.9,0.730355369,0.003083948,0.449389136,0.00208072,-0.020058395,0.001781142
44:43.0,0.727284579,0.004691973,0.447318887,0.003162199,-0.021716713,0.002684781
45:43.2,0.729287632,0.003177581,0.448663898,0.002140524,-0.020606007,0.001829606
46:43.3,0.731053016,0.0045259,0.449860999,0.003033676,-0.019668252,0.002581705
47:43.4,0.729665765,0.002314652,0.448992385,0.00154825,-0.020354343,0.001313561
48:43.5,0.728910016,0.004836525,0.448607583,0.003262557,-0.020716326,0.002772664
49:43.6,0.729498323,0.0040581,0.449160037,0.002741254,-0.020229393,0.0023274
50:43.8,0.727412739,0.003017416,0.447862452,0.002041257,-0.021337536,0.001738919
51:43.9,0.727050608,0.002630634,0.447658846,0.001774103,-0.021476747,0.001502093
52:44.0,0.730591997,0.003327901,0.450040998,0.00225184,-0.019478569,0.00191778
53:44.1,0.729536683,0.003031775,0.449335235,0.002049346,-0.020121548,0.0017372
54:44.2,0.729938571,0.002204114,0.449611864,0.001488193,-0.019892605,0.001274449
55:44.4,0.728774625,0.002277471,0.448815971,0.001537204,-0.020514201,0.001303497
56:44.5,0.729093905,0.003212095,0.44899834,0.002184057,-0.02035001,0.001832463
57:44.6,0.727778543,0.003627596,0.448037727,0.00243816,-0.021093927,0.002061421
58:44.7,0.729782285,0.003237686,0.449226995,0.002173221,-0.020123215,0.001861053
59:44.8,0.729502746,0.003550269,0.448850773,0.002385266,-0.020411356,0.002029964
00:45.0,0.727824997,0.002814316,0.447718954,0.001898377,-0.021387113,0.001613535
01:45.1,0.729146266,0.003572491,0.44864355,0.002386912,-0.02063602,0.002034059
02:45.2,0.727429065,0.002883751,0.447543144,0.001941227,-0.021542139,0.001621545
03:45.3,0.729359815,0.003918347,0.448848236,0.002640703,-0.020413138,0.002256479
04:45.4,0.728712905,0.003017954,0.448474071,0.002034276,-0.02076747,0.001732118
05:45.6,0.729592672,0.002974961,0.449090621,0.00200939,-0.020259152,0.001722863
06:45.7,0.729951401,0.003123845,0.449426328,0.002116853,-0.020003756,0.001792054
07:45.8,0.727465928,0.003658893,0.447811137,0.00247887,-0.021322163,0.002100084
08:45.9,0.728029345,0.002392014,0.448262876,0.001611702,-0.020991669,0.001371563
09:46.0,0.729427832,0.003030255,0.449224914,0.002046638,-0.020166689,0.001742758
10:46.2,0.729812398,0.003024222,0.449495421,0.002045034,-0.019948627,0.001752929
11:46.3,0.730862083,0.003022997,0.450179799,0.002034212,-0.019363213,0.001737329
12:46.4,0.728906175,0.002382846,0.448876492,0.001607174,-0.02044904,0.001376457
13:46.5,0.730893319,0.003144772,0.450217218,0.002121323,-0.019320649,0.001814843
14:46.6,0.728456276,0.003309608,0.448585394,0.002234217,-0.020629122,0.001904948
15:46.8,0.727783986,0.00271852,0.448134383,0.001834383,-0.020987447,0.001546367
16:46.9,0.729189343,0.005710423,0.449095618,0.003856075,-0.020167908,0.003299816
17:47.0,0.72761437,0.004305618,0.448039104,0.002904534,-0.021065747,0.002461483
18:47.1,0.727821466,0.002732757,0.448176527,0.001842034,-0.020910501,0.001570085
19:47.3,0.72929134,0.003395631,0.449161143,0.002293249,-0.020076593,0.001950824
20:47.4,0.729007376,0.003479558,0.448982055,0.00234706,-0.020259788,0.002006463
21:47.5,0.728535455,0.004295151,0.448674676,0.002899548,-0.020479374,0.002470549
22:47.6,0.729621107,0.004642242,0.44941541,0.00313273,-0.019928277,0.002676631
23:47.7,0.728541562,0.002664707,0.448712138,0.001799441,-0.020523182,0.001527208
24:47.8,0.729885252,0.00198127,0.44961756,0.001338158,-0.01979403,0.001140643
25:48.0,0.728635198,0.003801042,0.448777405,0.002562631,-0.020475231,0.002194693
26:48.1,0.730903559,0.003933942,0.450322587,0.002656529,-0.01919899,0.002283452
27:48.2,0.730172089,0.002694479,0.44981523,0.001821407,-0.019669475,0.001542664
28:48.3,0.728315707,0.002735689,0.448535478,0.001850482,-0.020719757,0.001562338
29:48.4,0.727112412,0.002974697,0.447716509,0.002007358,-0.021333367,0.001701175
30:48.6,0.728485709,0.002663898,0.44864409,0.001800999,-0.020580828,0.001531736
31:48.7,0.729017587,0.002750326,0.448995465,0.001857012,-0.020306386,0.001587595
32:49.0,0.725463308,0.002370849,0.44660719,0.001602502,-0.022301377,0.001335896
33:49.1,0.728992385,0.005185681,0.448977474,0.003497888,-0.02032812,0.002975164
34:49.2,0.729799154,0.003588502,0.44945777,0.002415328,-0.019881122,0.002062389
35:49.3,0.728394106,0.003614607,0.44840919,0.002468071,-0.020696527,0.00205942
36:49.5,0.729892516,0.00424227,0.449282255,0.002860663,-0.019849759,0.00243485
37:49.6,0.728729746,0.002779446,0.448483277,0.001876514,-0.02054807,0.001598433
38:49.7,0.728588973,0.002924319,0.448381873,0.001972203,-0.020603241,0.001687905
39:49.8,0.727949944,0.004373337,0.4479529,0.002947909,-0.020919308,0.002506636
40:49.9,0.728275999,0.003886708,0.448158848,0.002618382,-0.020789748,0.002205041
41:50.1,0.729258385,0.003381413,0.448795966,0.002280826,-0.020264326,0.001943695
42:50.4,0.730392398,0.003410496,0.449581124,0.002297964,-0.019621266,0.001956103
43:50.5,0.729962607,0.004185976,0.449303555,0.002819844,-0.019890135,0.0023782
44:50.6,0.729454297,0.004196246,0.448954732,0.002829543,-0.020111532,0.00241767
45:50.7,0.730604953,0.002056775,0.449736095,0.001386514,-0.019505706,0.001184595
46:50.8,0.727848444,0.004736835,0.447892108,0.003192287,-0.021006386,0.002725282
47:51.0,0.729246328,0.003411725,0.448841062,0.002302553,-0.020191694,0.001973422
48:51.3,0.730358678,0.003145284,0.449595889,0.002122652,-0.019607621,0.00181275
49:51.4,0.728241735,0.00397426,0.44817867,0.002681975,-0.020779615,0.00227808
50:51.5,0.726672092,0.003177626,0.44711651,0.002145758,-0.021652423,0.001822478
51:51.6,0.730241874,0.003297519,0.449514935,0.002225539,-0.019655948,0.001900182
52:51.7,0.727987401,0.003357396,0.44796401,0.002264099,-0.020929239,0.001914047
53:51.9,0.733614449,0.001984709,0.451753044,0.001340074,-0.017768971,0.001163129
54:52.0,0.729293091,0.004193027,0.448837516,0.002829878,-0.020200388,0.002415928
55:52.1,0.727368025,0.003603121,0.447537566,0.002428112,-0.021274443,0.002059763
56:52.2,0.727625418,0.00339778,0.447712665,0.00229025,-0.021130951,0.001948617
57:52.3,0.729898359,0.002839095,0.449256192,0.001915618,-0.019862197,0.001636508
58:52.5,0.729052087,0.003415937,0.448674298,0.002309477,-0.020355309,0.001964544
59:52.6,0.728581274,0.003997202,0.448354696,0.002697118,-0.020594365,0.002293424
00:52.7,0.732737892,0.003267594,0.45117336,0.002205563,-0.018268237,0.001898338
01:52.8,0.731098613,0.003374589,0.450061844,0.002273987,-0.019199449,0.001936558
02:52.9,0.72903018,0.00327787,0.448672795,0.002208618,-0.020330613,0.001872112
03:53.1,0.729180631,0.00407052,0.448762305,0.002747303,-0.020246667,0.002337012
04:53.2,0.729386309,0.003899762,0.448889224,0.0026314,-0.020134793,0.00224723
05:53.3,0.729924848,0.003644498,0.449258146,0.002459568,-0.019794591,0.002082683
06:53.4,0.729252827,0.003944911,0.448824364,0.002656926,-0.020203517,0.002258524
07:53.6,0.729839279,0.003847946,0.44922641,0.002598028,-0.019811224,0.002229616
08:53.8,0.727634444,0.003264914,0.447738471,0.00219914,-0.021091514,0.001874075
09:54.1,0.729665144,0.003514416,0.449111809,0.002370636,-0.019928851,0.002021715
10:54.3,0.729321826,0.003812286,0.448879172,0.002573139,-0.020142612,0.002189383
11:54.4,0.729098936,0.003329106,0.448715142,0.002245326,-0.020284981,0.001920608
12:54.5,0.729497103,0.003125545,0.448992382,0.002108355,-0.020061134,0.001789913
13:54.6,0.730204719,0.003369899,0.449465315,0.002271546,-0.019702464,0.001929495
14:54.7,0.728736529,0.003554941,0.448459752,0.002396348,-0.020565235,0.002037193
15:54.9,0.72845293,0.002852334,0.448266729,0.001924453,-0.020717142,0.001630485
16:55.0,0.728723576,0.002631986,0.448429042,0.001773633,-0.020570914,0.001514387
17:55.1,0.729255248,0.003757943,0.448790971,0.002536433,-0.020267591,0.002167113
18:55.2,0.726761364,0.0047921,0.447109314,0.003229311,-0.021618589,0.002743855
19:55.3,0.729493229,0.003237353,0.448933282,0.002181119,-0.020142162,0.00185109
20:55.5,0.727321841,0.00312115,0.447459142,0.002104523,-0.021379663,0.001784695
21:55.6,0.729257554,0.003233677,0.448777686,0.002181455,-0.020248937,0.001847267
22:55.7,0.727279377,0.003710445,0.4474422,0.002502532,-0.021378667,0.00211036
23:55.8,0.730937435,0.002996823,0.449909989,0.002022129,-0.019285514,0.001733214
24:55.9,0.729059253,0.002606161,0.44866024,0.0017563,-0.020334475,0.001504085
25:56.2,0.730959857,0.002765279,0.449965273,0.001867118,-0.019251868,0.001594516
26:56.4,0.729114027,0.00325811,0.448712873,0.002199771,-0.020244626,0.001859348
27:56.5,0.72861396,0.003805291,0.44837319,0.002564091,-0.020555351,0.00217994
28:56.6,0.728715835,0.004135948,0.448427349,0.002791845,-0.020531972,0.002376015
29:56.7,0.729812323,0.004032428,0.449161787,0.002717633,-0.01991879,0.002308501
30:56.8,0.729263927,0.003734403,0.448794404,0.002519974,-0.020228757,0.002153753
31:57.0,0.728522899,0.003354832,0.448293079,0.002263588,-0.020681433,0.0018918
32:57.1,0.728291094,0.004135033,0.448138382,0.00278763,-0.020753263,0.00237537
33:57.2,0.726111819,0.005013728,0.446682271,0.003383884,-0.021931338,0.002844804
34:57.3,0.72834235,0.005152639,0.448179614,0.003473224,-0.020686798,0.002957722
35:57.4,0.727690472,0.004022269,0.447724086,0.002710712,-0.021083644,0.00229622
36:57.6,0.730116576,0.003317861,0.449396104,0.00223847,-0.019703208,0.001919187
37:57.7,0.728539474,0.004098683,0.448321289,0.002759673,-0.020576564,0.002343494
38:57.8,0.728054132,0.003247153,0.448006354,0.002191518,-0.020883488,0.001860595
39:57.9,0.728593651,0.003027708,0.4483711,0.002040724,-0.020563619,0.001739648
40:58.0,0.729039468,0.003412009,0.44867819,0.002301209,-0.020292065,0.001961332
41:58.3,0.729261079,0.004241155,0.448833435,0.002862377,-0.020169877,0.002439824
42:58.5,0.728353591,0.003483608,0.448203318,0.002348695,-0.020689449,0.001993155
43:58.6,0.729395764,0.004248882,0.448902193,0.002865212,-0.020078148,0.002457419
44:58.7,0.727062674,0.003459494,0.447317844,0.002332577,-0.02143065,0.001972722
45:58.8,0.728209273,0.00309639,0.448091601,0.002094457,-0.020776436,0.001778949
46:59.1,0.727520385,0.003216523,0.447643448,0.002169767,-0.021129615,0.001847566
47:59.2,0.72844715,0.003624515,0.448272397,0.002445965,-0.020645727,0.00208986
48:59.4,0.731564673,0.003231794,0.450381134,0.002182329,-0.018910723,0.00187898
49:59.5,0.729496964,0.00363703,0.448981632,0.002452884,-0.020084633,0.002090517
50:59.6,0.727912174,0.004222087,0.447903731,0.002848992,-0.020944633,0.002423172
51:59.7,0.726609806,0.003684485,0.447037199,0.002483017,-0.021660741,0.00210083
52:59.9,0.729465391,0.004177624,0.44895431,0.002816999,-0.020029111,0.002379505
54:00.0,0.727604961,0.00378675,0.447681046,0.002553653,-0.02111601,0.002181109
55:00.1,0.729802232,0.005122161,0.449177647,0.003458388,-0.019838743,0.002928388
56:00.2,0.729494793,0.003796415,0.448974115,0.002561568,-0.020087012,0.002186816
57:00.3,0.727995052,0.00389295,0.44796806,0.002626178,-0.020915177,0.002224883
58:00.6,0.728813467,0.003674126,0.448523891,0.002481019,-0.020433509,0.002116689
59:00.7,0.729862039,0.003500742,0.449218943,0.002361736,-0.019854466,0.002023351
00:00.9,0.72954536,0.00299691,0.449003082,0.002024017,-0.020032146,0.00173002
01:01.0,0.730174966,0.002798087,0.449411647,0.001888971,-0.01968105,0.00162757
02:01.1,0.728099377,0.003935641,0.448028691,0.002652378,-0.020864857,0.00225423
03:01.2,0.729227191,0.003927828,0.448810994,0.002650824,-0.02016077,0.002262991
04:01.3,0.73077816,0.004477981,0.4498737,0.003020787,-0.019329345,0.002589018
05:01.5,0.729695724,0.00302142,0.44912707,0.002035736,-0.019961266,0.001739258
06:01.6,0.728971815,0.003595385,0.448639903,0.002423714,-0.020382007,0.002070058
07:01.7,0.728954999,0.003281513,0.448621575,0.002214362,-0.020361998,0.00189565
08:01.8,0.729073344,0.003917826,0.448698801,0.002643855,-0.020292464,0.002250475
09:01.9,0.7290047,0.00374261,0.448653591,0.00252279,-0.020315175,0.002153399
10:02.1,0.727362471,0.00256678,0.447519613,0.001706673,-0.021233449,0.001473998
11:02.2,0.728304169,0.003391304,0.448029884,0.002285569,-0.020746205,0.001948778
12:02.3,0.729306843,0.004593193,0.448693941,0.003098816,-0.020138303,0.002641204
13:02.4,0.730235938,0.003585991,0.44932711,0.002417167,-0.019688827,0.002046599
14:02.5,0.730271977,0.004316045,0.449354619,0.002910177,-0.019613325,0.002477027
15:02.7,0.730536349,0.003999191,0.449520241,0.002696475,-0.019499869,0.002313241
16:02.8,0.73216038,0.003549019,0.450615837,0.002395949,-0.018596283,0.002051741
17:02.9,0.72747975,0.004347611,0.447479172,0.00293423,-0.021169656,0.002500571
18:03.2,0.729362559,0.004943111,0.448750442,0.00333176,-0.020136243,0.00284114
19:03.5,0.727827136,0.004395629,0.447710366,0.002971087,-0.020952862,0.002519232
20:03.6,0.729159047,0.003432152,0.448617398,0.002317817,-0.020182752,0.001966359
21:03.8,0.729339646,0.002040832,0.44873592,0.001376605,-0.020135315,0.001185103
22:03.9,0.729001608,0.002277924,0.448501077,0.00153541,-0.020308864,0.001306367
23:04.0,0.730280457,0.002586008,0.449389772,0.001741375,-0.019572463,0.001498978
24:04.1,0.726595792,0.00246123,0.446901258,0.00166248,-0.021627297,0.001415344
25:04.2,0.727058864,0.002139395,0.447205041,0.001444136,-0.021370921,0.001228862
26:04.4,0.730222307,0.003686004,0.449357274,0.002480067,-0.019631576,0.002140157
27:04.5,0.727752005,0.003204013,0.447711899,0.002160685,-0.021001192,0.001842473
28:04.6,0.728554836,0.003377762,0.448248833,0.00227724,-0.020546639,0.001953885
29:04.7,0.727337087,0.003247652,0.447423222,0.002185852,-0.021234491,0.001862742
30:04.8,0.731766498,0.005211614,0.450554925,0.003519003,-0.018719169,0.002977948
31:04.9,0.731132789,0.003266475,0.450134663,0.00220534,-0.019144198,0.001894936
32:05.1,0.729392284,0.003485944,0.448955024,0.002348053,-0.020135958,0.001993653
33:05.2,0.727525286,0.003623918,0.447697523,0.002440804,-0.021103119,0.002073577
34:05.3,0.729310838,0.004092529,0.448879031,0.00276322,-0.020148318,0.002353823
35:05.5,0.730829851,0.004521731,0.44990989,0.003051888,-0.019294948,0.002614217
36:05.5,0.728628422,0.004329218,0.448432159,0.002920816,-0.020507846,0.002482354
37:05.7,0.728587836,0.004459424,0.448368248,0.003005391,-0.020555385,0.002552003
38:05.8,0.73168749,0.003306035,0.450458386,0.002228666,-0.018857535,0.001914514
39:06.1,0.730266373,0.003299926,0.449511985,0.002225947,-0.019639907,0.001897781
40:06.4,0.729577368,0.003326731,0.449042615,0.00224217,-0.020023959,0.001908719
41:06.5,0.732741001,0.002770618,0.451163733,0.001872199,-0.018253298,0.001610886
42:06.6,0.730839437,0.003389636,0.449864169,0.002287649,-0.019329208,0.001968203
43:06.8,0.728640849,0.003077178,0.44839457,0.002076866,-0.020567908,0.001764748
44:06.9,0.726978297,0.003316267,0.447280658,0.002239933,-0.021450893,0.001905075
45:07.0,0.726815963,0.003138364,0.447157878,0.002117647,-0.021535479,0.001799496
46:07.1,0.731303539,0.003726412,0.450170109,0.002518546,-0.019034632,0.002149959
47:07.2,0.729302698,0.003436339,0.448811131,0.002318072,-0.020196301,0.001978919
48:07.4,0.729815064,0.0037404,0.44916949,0.002524094,-0.019897707,0.002143099
49:07.5,0.728790928,0.002820776,0.448470974,0.00190445,-0.020496131,0.001615981
50:07.6,0.727537281,0.004280097,0.447633759,0.002890309,-0.021133302,0.002431524
51:07.7,0.727904113,0.00343676,0.447880198,0.002319848,-0.020951431,0.001972658
52:07.8,0.729730872,0.002858999,0.449081404,0.001929768,-0.01992943,0.001639692
53:08.0,0.728503905,0.003940252,0.448254904,0.002659972,-0.020660762,0.002254152
54:08.1,0.727663692,0.002809146,0.447678162,0.001894634,-0.02108881,0.001601297
55:08.2,0.731140447,0.00415421,0.450010405,0.002797089,-0.019176944,0.002358269
56:08.3,0.729200057,0.005740384,0.44870877,0.003878921,-0.02024149,0.003249874
57:08.4,0.729509537,0.0037754,0.448923227,0.002547723,-0.020136567,0.002185871
58:08.6,0.729641668,0.003180208,0.449005636,0.002145259,-0.020034614,0.001807502
59:08.7,0.731764459,0.003551372,0.450437626,0.00239696,-0.018883311,0.002043653
00:08.8,0.727745929,0.003926113,0.447719338,0.002648584,-0.021092283,0.002250441
01:08.9,0.731450996,0.00392197,0.450235675,0.002646432,-0.018988794,0.002261589
02:09.1,0.726633068,0.002926729,0.446967632,0.001975493,-0.021722292,0.001654937
03:09.2,0.728871007,0.002458133,0.448476463,0.001654077,-0.020441976,0.001415423
04:09.3,0.729684864,0.003379785,0.449030149,0.002278885,-0.019990427,0.001935069
05:09.4,0.728273704,0.003784161,0.448086822,0.002549921,-0.020801823,0.002157811
06:09.7,0.727779944,0.003715596,0.447757189,0.002506143,-0.021032401,0.002126105
07:09.8,0.728877332,0.003598184,0.448481739,0.002430798,-0.020404047,0.002074521
08:09.9,0.728378569,0.003874358,0.448125257,0.002615676,-0.02066213,0.002217431
09:10.0,0.72754713,0.00201554,0.447591574,0.001358744,-0.021151765,0.001159378
10:10.2,0.728088969,0.003393487,0.447952009,0.002293176,-0.020837035,0.001940127
11:10.3,0.726818839,0.002812135,0.447090314,0.001895187,-0.021570595,0.001604855
12:10.4,0.729824438,0.004005372,0.449125858,0.002700632,-0.019860643,0.002297565
13:10.5,0.730444982,0.003470671,0.449546172,0.002338894,-0.01952977,0.001997986
14:10.7,0.728837618,0.00449367,0.448456624,0.00303095,-0.020473443,0.00256704
15:10.8,0.727787456,0.003745147,0.447724619,0.002522954,-0.021008621,0.002137572
16:10.9,0.727050112,0.004781398,0.447251327,0.003231223,-0.021410764,0.002741
17:11.0,0.730293931,0.004171539,0.449428916,0.002811392,-0.019590717,0.002415922
18:11.2,0.726417597,0.00476433,0.446824108,0.003215675,-0.021741197,0.002728827
19:11.3,0.729681955,0.002368714,0.449012818,0.001596753,-0.019959602,0.001371782
20:11.4,0.729252648,0.003917642,0.448742911,0.002644311,-0.020212936,0.002256979
21:11.5,0.729692471,0.003128773,0.449034367,0.002110178,-0.019939737,0.001812042
22:11.6,0.727517751,0.003242591,0.447594865,0.002167593,-0.021170263,0.001859541
23:11.7,0.729149854,0.004322956,0.448828198,0.002918038,-0.020244264,0.002482968
24:11.8,0.728592155,0.002766462,0.448449491,0.001868391,-0.020576143,0.001592305
25:12.0,0.729494818,0.003049448,0.449043602,0.002058632,-0.020075451,0.001757724
26:12.3,0.729662632,0.00390438,0.449158317,0.002634286,-0.019976315,0.002248154
27:12.6,0.73000626,0.003255736,0.449408245,0.002199411,-0.019791694,0.001862125
28:12.7,0.728164093,0.003184281,0.448159391,0.002147634,-0.020773112,0.001818601
29:12.8,0.729963597,0.002430738,0.449366551,0.001639615,-0.019789066,0.001402541
30:12.9,0.729605364,0.003545511,0.449119542,0.002391954,-0.019995533,0.002043669
31:13.1,0.729469699,0.004036849,0.449039637,0.002721531,-0.020068971,0.002321773
32:13.3,0.727537379,0.003382065,0.447735148,0.00228204,-0.021159597,0.001942607
33:13.5,0.731117692,0.00303815,0.450143973,0.002050693,-0.019166791,0.00175497
34:13.6,0.730293732,0.004483758,0.44958417,0.003025372,-0.019643605,0.002589114
35:13.7,0.730567568,0.004615363,0.449773362,0.003115415,-0.019439464,0.002660527
36:13.8,0.731595957,0.003056624,0.450470169,0.002063069,-0.018864767,0.001761495
37:14.0,0.729118968,0.003774134,0.448791189,0.002549067,-0.020260383,0.002177904
38:14.1,0.728497088,0.003220216,0.448367647,0.002173333,-0.020625808,0.00184562
39:14.2,0.728967458,0.002841579,0.448690082,0.001917841,-0.020377204,0.001640606
40:14.3,0.729538876,0.002625895,0.44906814,0.00177219,-0.02008065,0.001515526
41:14.4,0.728451006,0.002967487,0.448330129,0.002002382,-0.02068803,0.001704555
42:14.6,0.728367789,0.0040616,0.448279092,0.00273961,-0.020694809,0.002320407
43:14.8,0.729427656,0.004424978,0.449012955,0.00298661,-0.020092198,0.002544765
44:15.0,0.729093027,0.003538564,0.448778218,0.002387961,-0.020306743,0.002034865
45:15.1,0.730100951,0.003389636,0.449455641,0.002287029,-0.019727104,0.001948957
46:15.2,0.729386803,0.003888972,0.448997697,0.002621026,-0.020123447,0.002225156
47:15.3,0.729179086,0.005001753,0.448847132,0.003375348,-0.020245735,0.002871966
48:15.5,0.729064759,0.004423553,0.448764648,0.002984326,-0.020312817,0.002539874
49:15.6,0.729352528,0.003968195,0.448962218,0.002669195,-0.020133613,0.002273327
50:15.7,0.732399853,0.002978961,0.451028916,0.002009762,-0.018461091,0.001722281
51:15.8,0.730303728,0.002652031,0.449599864,0.001788657,-0.019677747,0.001542855
52:15.9,0.72871177,0.002773005,0.448525098,0.001874229,-0.020546878,0.001593671
53:16.2,0.72954722,0.002930498,0.449084692,0.001979189,-0.02008234,0.001672991
54:16.5,0.728229214,0.003010929,0.448205209,0.002030612,-0.020841611,0.001737476
55:16.7,0.729740773,0.003299404,0.449222814,0.002228517,-0.019980531,0.001897137
56:16.8,0.728185994,0.003455556,0.448152,0.002331604,-0.020852165,0.00199103
57:16.9,0.731309652,0.003084031,0.450267493,0.002081725,-0.01910043,0.001791262
58:17.0,0.727935957,0.00325825,0.447978589,0.002199679,-0.020970365,0.001868367
59:17.1,0.727977696,0.003247545,0.448015913,0.00219436,-0.020941505,0.001863969
00:17.3,0.729017888,0.002485863,0.448730926,0.001675926,-0.020368726,0.001437809
01:17.4,0.729537674,0.002762862,0.4490657,0.001863163,-0.02008852,0.001588465
02:17.5,0.727941193,0.00433178,0.447995477,0.002922834,-0.020991585,0.002496984
03:17.6,0.730983997,0.002375456,0.45004448,0.001600473,-0.019305072,0.001372459
04:17.7,0.729190328,0.00230389,0.448834537,0.00155886,-0.020313549,0.001335497
05:17.9,0.728502428,0.002945994,0.448364417,0.001986139,-0.020691597,0.00169161
06:18.0,0.729326623,0.003088509,0.448918414,0.002083914,-0.020243348,0.001780721
07:18.1,0.73176739,0.003520652,0.450566471,0.002374239,-0.018889046,0.002023216
08:18.3,0.729472606,0.003179965,0.449017626,0.002151673,-0.020160277,0.001841163
09:18.3,0.729430243,0.003925248,0.448997625,0.002650319,-0.020194587,0.002261827
10:18.5,0.729922178,0.003018506,0.449322262,0.002036301,-0.019901637,0.001720156
11:18.6,0.732396039,0.003467541,0.450998192,0.002339485,-0.018509957,0.002007577
12:18.7,0.729762318,0.003528118,0.44922513,0.002379061,-0.019961273,0.002013036
13:18.8,0.728672181,0.003854635,0.448485975,0.002598985,-0.020630139,0.002196194
14:18.9,0.729443649,0.002564301,0.449060129,0.001723644,-0.020144382,0.001474617
15:19.1,0.728796599,0.002971325,0.44863779,0.00199976,-0.020500593,0.001700075
16:19.2,0.726813608,0.004374952,0.447296521,0.002954743,-0.021608422,0.002454944
17:19.3,0.729113959,0.00302051,0.448858201,0.002037064,-0.020289801,0.001746614
18:19.4,0.730500804,0.00289611,0.449787811,0.001952041,-0.019527718,0.001670123
19:19.5,0.72795931,0.003364688,0.448085454,0.0022678,-0.02097223,0.001924666
20:19.6,0.727954753,0.003807204,0.448082256,0.002563349,-0.020927181,0.002169922
21:19.8,0.729703063,0.003730863,0.449258193,0.00251504,-0.019991295,0.002129564
22:19.9,0.731374348,0.003310851,0.450412461,0.002237496,-0.018963069,0.001912437
23:20.0,0.728897532,0.003966783,0.44873387,0.002676139,-0.020413398,0.002277702
24:20.1,0.730423034,0.003223038,0.449757071,0.002176138,-0.019575579,0.001867999
25:20.3,0.727214265,0.00543178,0.447587463,0.00366384,-0.021376962,0.00307801
26:20.4,0.727625586,0.003879395,0.44786396,0.002617655,-0.02111469,0.002222436
27:20.5,0.730806054,0.003402808,0.450007026,0.002299255,-0.019349222,0.001959725
28:20.6,0.731486976,0.00344284,0.450447612,0.002323351,-0.018972482,0.001991438
29:20.7,0.729262176,0.004541077,0.44895985,0.003067961,-0.020162925,0.002609358
30:20.9,0.727270043,0.003152018,0.44762285,0.002130606,-0.021299388,0.001801265
31:21.0,0.730258665,0.003446759,0.449636393,0.002325989,-0.01959563,0.001987708
32:21.1,0.727395004,0.002872324,0.447723737,0.001938544,-0.02117747,0.001649057
33:21.2,0.73042952,0.003590751,0.449770914,0.002421735,-0.019515185,0.002081689
34:21.3,0.727986948,0.00410048,0.448138557,0.002766478,-0.020847286,0.002361617
35:21.4,0.728522735,0.003987927,0.448494481,0.002689231,-0.020556814,0.002296899
36:21.6,0.730586013,0.002782729,0.449898271,0.001877161,-0.019384267,0.001603417
37:21.7,0.728357015,0.002888833,0.448393998,0.001949905,-0.020654066,0.001656449
38:21.8,0.72804159,0.002554362,0.448174862,0.001724198,-0.020819509,0.001477348
39:21.9,0.730091018,0.005431978,0.449554741,0.003663431,-0.019671497,0.003136011
40:22.1,0.729464637,0.004721857,0.449141429,0.00318674,-0.019985499,0.002700579
41:22.2,0.727759368,0.003030555,0.447983218,0.002045553,-0.020975919,0.001739095
42:22.4,0.727485759,0.003245232,0.4478031,0.002192788,-0.021112655,0.001859061
43:22.4,0.728793604,0.003584345,0.448677035,0.002419006,-0.020434835,0.002069596
44:22.5,0.729277854,0.004029214,0.449003462,0.002715511,-0.020148744,0.00229046
45:22.8,0.726967417,0.004609878,0.44744524,0.003112027,-0.021486248,0.002628624
46:23.0,0.728529459,0.003263113,0.448486985,0.002200483,-0.020526218,0.001868991
47:23.1,0.729115847,0.005152056,0.448867751,0.003477306,-0.020244763,0.002966802
48:23.2,0.73039678,0.004102271,0.449730232,0.002772473,-0.019565506,0.002357855
49:23.3,0.729016889,0.004483866,0.448805945,0.003026046,-0.02031745,0.002562534
50:23.4,0.729178814,0.003839625,0.448920655,0.00259048,-0.02018207,0.002217801
51:23.4,0.729992317,0.004753885,0.44947727,0.003206874,-0.019757215,0.002733053
52:23.5,0.726268379,0.003498749,0.446958098,0.002361082,-0.021851683,0.001990753
53:23.6,0.728345915,0.003461431,0.448353092,0.002339668,-0.020659946,0.001970594
54:23.7,0.726584272,0.004382774,0.447158437,0.002956033,-0.021666113,0.002504202
55:23.9,0.729721517,0.004064195,0.449278299,0.002743143,-0.019910382,0.002327858
56:24.0,0.728966773,0.004315493,0.448749546,0.002915006,-0.020405201,0.002456209
57:24.1,0.729182026,0.003784106,0.448892097,0.002549919,-0.02023854,0.002165766
58:24.3,0.728268446,0.002811052,0.448289158,0.001897499,-0.020760725,0.001623195
59:24.3,0.730326178,0.003768525,0.44967148,0.002545655,-0.019612534,0.002190988
00:24.6,0.728214846,0.004482787,0.448229195,0.003029422,-0.020807261,0.002569761
01:24.8,0.729051998,0.003293894,0.448776861,0.002226519,-0.020328556,0.001889898
02:24.9,0.727785429,0.004164928,0.447939658,0.002808861,-0.021039906,0.002373543
03:25.0,0.730194805,0.002629629,0.449572064,0.001776145,-0.019664676,0.001492826
04:25.1,0.729842686,0.004164339,0.449315666,0.002806971,-0.019918081,0.002391788
05:25.2,0.728032246,0.00431565,0.448095143,0.002907123,-0.020925039,0.002461126
06:25.4,0.728059844,0.003617142,0.448101776,0.002443143,-0.020931607,0.002073975
07:25.5,0.727966177,0.004196688,0.448046849,0.002835266,-0.020964189,0.002396803
08:25.6,0.730651335,0.002943857,0.449837785,0.001988501,-0.019463915,0.001701635
09:25.7,0.728283157,0.003973454,0.448203497,0.002677585,-0.020800645,0.002272216
10:25.9,0.729813894,0.004809829,0.449204814,0.003251876,-0.019983012,0.0027442
11:26.0,0.72796616,0.00318392,0.447950194,0.00214953,-0.020948671,0.001819529
12:26.1,0.730625971,0.00399448,0.449751193,0.002695072,-0.019465601,0.002302309
13:26.2,0.72909504,0.002377987,0.448733485,0.001604713,-0.020332678,0.001370404
14:26.3,0.728652112,0.002773442,0.448421047,0.001871742,-0.020568142,0.001590573
15:26.3,0.731104198,0.003528244,0.450073311,0.002381574,-0.019162057,0.002032525
16:26.4,0.730679171,0.002050879,0.44976775,0.001385025,-0.019455085,0.00119168
17:26.5,0.72815753,0.003396759,0.448063821,0.002297798,-0.020845322,0.001956249
18:26.6,0.727425535,0.005248541,0.447600622,0.003536366,-0.021281622,0.002966589
19:26.7,0.729511713,0.002884277,0.449005958,0.00194654,-0.020059955,0.001628142
20:27.0,0.728674346,0.003465134,0.448430097,0.002341626,-0.020590065,0.001984244
21:27.2,0.727857847,0.003630188,0.447873594,0.002451602,-0.021019006,0.002090276
22:27.3,0.729665926,0.002966053,0.449111387,0.00200048,-0.020021375,0.001704076
23:27.5,0.72915198,0.004326092,0.448765018,0.002920617,-0.020280273,0.002487853
24:27.5,0.729254192,0.003037152,0.448827507,0.002050457,-0.020258048,0.001748616
25:27.6,0.728548227,0.003585752,0.448353472,0.0024208,-0.020657444,0.002047536
26:27.8,0.727222661,0.00382824,0.447443937,0.002587479,-0.021368469,0.0021774
27:27.8,0.728961345,0.003380272,0.448611948,0.002276681,-0.020392037,0.001938458
28:27.8,0.732377384,0.003033896,0.450910481,0.002051495,-0.018508828,0.001759446
29:27.9,0.728832542,0.00359713,0.448532362,0.002424163,-0.020488395,0.002061156
30:28.0,0.731908961,0.003450189,0.450590158,0.002331832,-0.018764284,0.001984127
31:28.2,0.728924528,0.004306946,0.448583426,0.002912086,-0.020403344,0.002475031
32:28.3,0.730821879,0.002583092,0.449891482,0.001743891,-0.019400049,0.001495201
33:28.4,0.728566271,0.003343976,0.448361855,0.002254503,-0.02063787,0.001911898
34:28.7,0.730840348,0.003394518,0.449909923,0.002291535,-0.019394222,0.001956212
35:28.8,0.729043618,0.004604223,0.448699232,0.003105417,-0.020341149,0.002626752
36:29.1,0.730490408,0.003695607,0.44966663,0.002492028,-0.019607126,0.00211915
37:29.2,0.728950094,0.002269905,0.448640551,0.001533668,-0.020421309,0.001302841
38:29.4,0.731377886,0.005042264,0.450265579,0.003404403,-0.019035957,0.002896784
39:29.5,0.730407605,0.003132657,0.44962181,0.002114387,-0.019590791,0.001819623
40:29.6,0.728633577,0.00391813,0.448428858,0.002645475,-0.020573053,0.002251984
41:29.7,0.730504195,0.004014637,0.449695859,0.002713802,-0.019510391,0.002304891
42:29.9,0.729592664,0.003518753,0.449076597,0.00237661,-0.020052572,0.002035817
43:30.0,0.729088225,0.003701107,0.448722489,0.002497545,-0.020304494,0.002132448
44:30.1,0.727513996,0.002634803,0.447675352,0.001776621,-0.021199974,0.001512227
45:30.2,0.727744717,0.004348833,0.44783582,0.002935461,-0.021039594,0.002469212
46:30.3,0.731214565,0.003625651,0.450176318,0.002449484,-0.019158397,0.002086811
47:30.5,0.730836218,0.002918651,0.449926883,0.001970006,-0.01938997,0.001693885
48:30.6,0.728439538,0.002851893,0.44829548,0.001922409,-0.020715163,0.001640165
49:30.7,0.729197131,0.003162387,0.448814303,0.002133464,-0.020298114,0.001815523
50:30.8,0.729953772,0.002735034,0.449323555,0.001847775,-0.019873959,0.001575169
51:30.9,0.728625484,0.003221646,0.44842545,0.002173236,-0.020580839,0.001828835
52:31.1,0.728463864,0.003869397,0.448326007,0.002608837,-0.020702615,0.00221157
53:31.2,0.728048003,0.003647433,0.44804599,0.002461653,-0.020869242,0.002097818
54:31.3,0.730156847,0.00328001,0.449466427,0.002212147,-0.019691984,0.001881618
55:31.4,0.729271942,0.003771471,0.448886792,0.002543036,-0.020169815,0.002174127
56:31.5,0.729641868,0.003429965,0.449149013,0.002313669,-0.019918093,0.001959207
57:31.7,0.731407953,0.003226598,0.450352536,0.002180733,-0.018952759,0.001860873
58:31.7,0.729430002,0.002772735,0.449019779,0.001872669,-0.020037321,0.001592708
59:31.7,0.72919908,0.002987068,0.448872336,0.002015846,-0.020195205,0.001721535
00:31.9,0.729635442,0.003016539,0.449168744,0.002040554,-0.019995551,0.001738558
01:32.1,0.728521036,0.004479563,0.448405154,0.003020467,-0.020575914,0.002555116
02:32.3,0.728913191,0.003917033,0.448667977,0.002647462,-0.020368365,0.002244509
03:32.4,0.729878565,0.002860607,0.44932248,0.001931379,-0.019859899,0.001652544
04:32.5,0.728640428,0.003751185,0.448482316,0.00253334,-0.020557178,0.002147097
05:32.6,0.729485737,0.00308685,0.449043994,0.002079828,-0.020049711,0.001768434
06:32.7,0.725594743,0.003539866,0.446410535,0.002391928,-0.022219112,0.00203664
07:32.9,0.73121976,0.002777552,0.450194817,0.001870428,-0.019109398,0.00158454
08:33.0,0.729370394,0.003565936,0.448966341,0.002413925,-0.020119122,0.002049391
09:33.1,0.729326179,0.003988175,0.448944023,0.002691242,-0.020125784,0.002312693
10:33.2,0.730229127,0.004017209,0.44955697,0.002710905,-0.019592709,0.00231773
11:33.3,0.728188733,0.004020788,0.448166267,0.0027126,-0.020780278,0.002311666
12:33.5,0.730585805,0.003067018,0.449794301,0.002068792,-0.019436784,0.001778559
13:33.6,0.731011182,0.00320311,0.45008612,0.002162741,-0.019210538,0.001851975
14:33.7,0.729025228,0.003492417,0.44873963,0.00235461,-0.020323059,0.001999254
15:33.8,0.728956445,0.003653683,0.448686345,0.002467014,-0.020352158,0.002107838
16:33.9,0.731207566,0.003244027,0.450197307,0.002190757,-0.019104364,0.00187141
17:34.1,0.728486264,0.002803621,0.448332343,0.001893304,-0.020664907,0.001602109
18:34.2,0.727832162,0.003583866,0.447894468,0.002412335,-0.021002267,0.002030382
19:34.3,0.731072495,0.005182189,0.450079109,0.003495505,-0.019209285,0.002971261
20:34.4,0.729449718,0.00445696,0.448985645,0.003005246,-0.020130103,0.002554313
21:34.5,0.729233672,0.004285751,0.448834773,0.002894575,-0.020212153,0.002445069
22:34.7,0.728377787,0.003906075,0.448287754,0.00263585,-0.020668148,0.002251605
23:34.8,0.729367154,0.002463625,0.4489371,0.001661683,-0.020140075,0.00141997
24:34.9,0.728387864,0.003432799,0.448278722,0.002317196,-0.020666897,0.001978604
25:35.0,0.728122374,0.003340252,0.448075566,0.0022524,-0.020833771,0.001923065
26:35.1,0.726711199,0.003695787,0.447158429,0.002495956,-0.021565978,0.002127188
27:35.3,0.728515465,0.003788166,0.448386751,0.002556764,-0.02060554,0.002185486
28:35.4,0.727720462,0.003321003,0.447836964,0.002236169,-0.021043107,0.001908619
29:35.5,0.731646994,0.003296647,0.450448139,0.002224108,-0.018894111,0.001901719
30:35.6,0.726841681,0.004218659,0.447234948,0.002837102,-0.021606286,0.002389635
31:35.7,0.729237029,0.003914769,0.448858293,0.002641494,-0.020182502,0.002248632
32:35.9,0.731042845,0.002553564,0.450059883,0.001725943,-0.019240007,0.001477802
33:36.0,0.729369883,0.004709697,0.448912225,0.003182541,-0.020161486,0.002682492
34:36.1,0.72767784,0.002365934,0.447775022,0.001599201,-0.021107908,0.001365171
35:36.2,0.729914008,0.004443898,0.449293666,0.003001194,-0.019834065,0.002553939
36:36.5,0.72979018,0.003257238,0.449205073,0.0021973,-0.01991132,0.001874111
37:36.6,0.73023313,0.002702892,0.449508496,0.001824779,-0.019657354,0.001550487
38:36.7,0.728891996,0.003413509,0.448609478,0.002306705,-0.020359676,0.001966981
39:36.7,0.728508952,0.003335602,0.448367298,0.002257113,-0.020581871,0.001923615
40:37.0,0.727438363,0.003379582,0.447636237,0.002280797,-0.021164367,0.001944298
41:37.1,0.729139136,0.004073408,0.448780838,0.00275156,-0.020185519,0.002362835
42:37.6,0.730545841,0.004709182,0.449728798,0.003178871,-0.01938013,0.002704528
43:37.7,0.72900764,0.00358071,0.448691428,0.00241632,-0.020292625,0.002052177
44:37.7,0.730621292,0.002612076,0.449802662,0.001762506,-0.019352104,0.00149979
45:37.8,0.728004061,0.00276404,0.448028172,0.001865953,-0.020852958,0.001590901
46:37.9,0.729315804,0.004408574,0.448927305,0.002976172,-0.020068873,0.00254586
47:38.0,0.729515985,0.003922694,0.449074952,0.00264868,-0.020012287,0.002253596
48:38.1,0.728260869,0.003591814,0.448213873,0.002421808,-0.020695467,0.002055042
49:38.3,0.729788394,0.003636365,0.449213146,0.002458822,-0.019845546,0.00210525
50:38.4,0.731299024,0.004434349,0.450259894,0.002995865,-0.019016778,0.00256724
51:38.5,0.729472958,0.002788702,0.449032581,0.001884472,-0.020049511,0.0016009
52:38.6,0.728912372,0.004266987,0.448641252,0.002877993,-0.020361886,0.00245835
53:38.7,0.728320745,0.004093928,0.448261634,0.002762728,-0.020642521,0.002363768
54:38.9,0.729260051,0.003455452,0.448880781,0.002333202,-0.020139273,0.001985828
55:39.0,0.727786248,0.002706464,0.447851444,0.001826015,-0.021001719,0.001550309
56:39.1,0.726885404,0.003556688,0.447199597,0.002400487,-0.021515819,0.002045118
57:39.2,0.730036877,0.003347896,0.449312134,0.002261222,-0.019776982,0.001919887
58:39.3,0.729917513,0.003352004,0.449224448,0.002263048,-0.019876024,0.001900308
59:39.5,0.730655143,0.003910121,0.449707341,0.002638925,-0.019527419,0.002247244
00:39.6,0.727445017,0.003875063,0.447538812,0.002613726,-0.021324636,0.002216705
01:39.7,0.728803418,0.002729921,0.448454091,0.001840784,-0.020553586,0.001529508
02:39.7,0.728646482,0.002995011,0.448348308,0.002018679,-0.020690007,0.001721472
03:39.7,0.729059755,0.001953692,0.448634026,0.001319171,-0.020451289,0.001119541
04:39.9,0.729944926,0.002793439,0.449234015,0.001884497,-0.019972938,0.001592026
05:40.1,0.728962431,0.001671031,0.448570423,0.001125251,-0.020498836,0.00096995
06:40.1,0.729364127,0.002959322,0.448825598,0.001996128,-0.020273462,0.001678642
07:40.4,0.728913169,0.002303308,0.448526358,0.001555465,-0.020551636,0.001320659
08:40.5,0.731257507,0.002235671,0.450100409,0.001507186,-0.019236137,0.001286395
09:40.7,0.729274942,0.003286682,0.448752978,0.002217583,-0.020327735,0.001882905
10:40.8,0.730545099,0.004176228,0.449587848,0.002815982,-0.019598969,0.002391683
11:40.9,0.730891681,0.002413806,0.449838655,0.001629288,-0.019415582,0.001401921
12:41.0,0.73016412,0.002885497,0.449350959,0.001945507,-0.019818696,0.001661046
13:41.1,0.729050399,0.003291798,0.448614672,0.002219472,-0.020437669,0.001888898
14:41.3,0.728928091,0.004709588,0.448525013,0.00318123,-0.020488813,0.002689186
15:41.4,0.729029755,0.00332435,0.448589845,0.002240926,-0.020420996,0.00191255
16:41.5,0.729239762,0.003067485,0.448730241,0.002069399,-0.020319054,0.001762904
17:41.6,0.732270215,0.003181315,0.45078727,0.002143322,-0.018600052,0.001837076
18:41.7,0.730916391,0.00211831,0.449873779,0.001424879,-0.019368536,0.001217634
19:41.9,0.727455031,0.003988449,0.447539297,0.002690038,-0.021269514,0.00229274
20:41.9,0.72791211,0.003032067,0.447859318,0.002041918,-0.020984505,0.001721935
21:41.9,0.730114237,0.003614787,0.449356062,0.002435694,-0.01970446,0.002045379
22:42.2,0.726231703,0.004546922,0.446749871,0.003068319,-0.021903019,0.00261215
23:42.3,0.727729603,0.004052178,0.447759594,0.002735373,-0.021086261,0.002322857
24:42.5,0.728735421,0.002586751,0.44844113,0.001746439,-0.020524102,0.001494796
25:42.6,0.73215274,0.004242749,0.450763511,0.002862125,-0.0185935,0.002438715
26:42.7,0.730066506,0.003214012,0.449346011,0.002168513,-0.019791084,0.001848884
27:42.8,0.727401885,0.003141816,0.447549488,0.002120669,-0.021263778,0.001793863
28:42.9,0.731177039,0.002677925,0.4500998,0.001806221,-0.019178062,0.001545596
29:43.1,0.727576119,0.002450669,0.447659415,0.001654053,-0.021198721,0.001410102
30:43.2,0.728929468,0.002860093,0.448582801,0.00192793,-0.020412957,0.001640755
31:43.3,0.728865705,0.002750709,0.448549243,0.001858882,-0.020464567,0.001583977
32:43.6,0.728281483,0.004003633,0.448156964,0.002705551,-0.020791818,0.002273679
33:43.8,0.730084279,0.003675492,0.449351344,0.00247979,-0.019759311,0.002096169
34:43.8,0.730041244,0.002865082,0.449307905,0.001939484,-0.019836539,0.001646572
35:44.0,0.73016262,0.00250141,0.449373122,0.001686203,-0.019777527,0.001443577
36:44.1,0.729941437,0.003966748,0.449228012,0.002674996,-0.019906524,0.002281671
37:44.2,0.730965471,0.004502736,0.449937851,0.003040765,-0.019319819,0.002586623
38:44.5,0.728785892,0.002821529,0.448459794,0.001902172,-0.020548845,0.001618656
39:44.6,0.73079745,0.00306159,0.449793319,0.002069924,-0.019452923,0.001770831
40:44.7,0.729816134,0.003680152,0.449122481,0.002484088,-0.019951377,0.002104259
41:44.8,0.729174184,0.003008872,0.44870393,0.002028096,-0.020292183,0.001729775
42:44.8,0.728463342,0.003490787,0.44821092,0.002353597,-0.020700938,0.001985552
43:45.1,0.730485075,0.004963015,0.449574092,0.003350796,-0.019571885,0.002838201
44:45.2,0.731846535,0.001863491,0.450500598,0.001259778,-0.018798473,0.001076557
45:45.3,0.727188837,0.004603021,0.44736758,0.003103355,-0.021407676,0.002632611
46:45.5,0.728690966,0.003472023,0.448377506,0.002340078,-0.020533097,0.00198778
47:45.6,0.727818295,0.003081082,0.447803815,0.002078095,-0.020992668,0.001752831
48:45.9,0.728169029,0.004895298,0.448034203,0.003303416,-0.020794799,0.002804878
49:46.0,0.729538198,0.004621856,0.448974404,0.003119465,-0.020011199,0.002641923
50:46.1,0.72819059,0.002926737,0.448070574,0.001974965,-0.020800577,0.001672874
51:46.1,0.729047598,0.002997588,0.448635548,0.002021834,-0.020274306,0.001725554
52:46.2,0.730104825,0.002972928,0.449360127,0.002011098,-0.019684949,0.001728939
53:46.5,0.729748309,0.002227983,0.449141127,0.001501516,-0.019910704,0.001288747
54:46.8,0.729087662,0.002535938,0.448697346,0.001708717,-0.020249016,0.001455477
55:46.9,0.725535259,0.003358482,0.446302004,0.002265932,-0.022239618,0.001918863
56:47.0,0.728749217,0.002705422,0.448454947,0.00183055,-0.020450774,0.001566728
57:47.0,0.728932568,0.003180704,0.448583536,0.002150776,-0.020338034,0.001834131
58:47.1,0.72880748,0.002957461,0.448499277,0.001994564,-0.020429362,0.001700586
59:47.4,0.728184946,0.003554534,0.448066824,0.00239835,-0.020789838,0.002039504
00:47.5,0.729875847,0.003440012,0.449242397,0.002323917,-0.019791761,0.001984701
01:47.6,0.726891722,0.002958237,0.447238558,0.00199738,-0.021465713,0.00170255
02:47.7,0.728995918,0.005163863,0.448659355,0.003478645,-0.020247049,0.002948134
03:47.9,0.730832285,0.003686148,0.449907274,0.002484979,-0.01921146,0.002111724
04:48.0,0.728155369,0.00393254,0.449098947,0.002789499,-0.020679271,0.002236842
05:48.1,0.730113061,0.003605191,0.451109054,0.002435804,-0.019492823,0.002071207
06:48.2,0.730265241,0.002394094,0.451185355,0.001618795,-0.01948558,0.001379899
07:48.3,0.727769931,0.003155866,0.449480279,0.002136224,-0.020890297,0.001811582
08:48.5,0.730077832,0.001889644,0.451042492,0.001277726,-0.019608979,0.001092949
09:48.6,0.730096178,0.003272244,0.450189884,0.002625606,-0.020078376,0.001953758
10:48.7,0.728328754,0.005927292,0.449457653,0.004007466,-0.021023716,0.003365605
11:48.8,0.733250036,0.003896539,0.452735794,0.002599793,-0.018289113,0.00221115
12:48.9,0.731174341,0.004144896,0.446676244,0.002796612,-0.020547551,0.002293353
13:49.1,0.729476169,0.00267687,0.445645637,0.001744249,-0.021174577,0.001509246
14:49.2,0.731053243,0.003366296,0.446818066,0.002263634,-0.020267915,0.00193291
15:49.3,0.731089549,0.002917768,0.446784545,0.00179181,-0.020231475,0.001690288
#END OF FILE,,,,,,
